id,timestamp,groupid,from_mac,to_mac,sensorvalue_a,sensorvalue_b,sensorvalue_c,sensorvalue_d,sensorvalue_e,sensorvalue_f
8125,2024-12-02 10:10:47,160,0,0,1507.0,1387.0,1807.0,1.0,0.0,0
8126,2024-12-02 10:10:47,160,0,0,1518.0,1393.0,1806.0,1.0,0.0,0
8127,2024-12-02 10:10:48,160,0,0,1518.0,1384.0,1806.0,1.0,0.0,0
8128,2024-12-02 10:10:48,160,0,0,1511.0,1389.0,1804.0,1.0,0.0,0
8129,2024-12-02 10:10:49,160,0,0,1512.0,1393.0,1803.0,1.0,0.0,0
8130,2024-12-02 10:10:49,160,0,0,1509.0,1389.0,1802.0,1.0,0.0,0
8131,2024-12-02 10:10:50,160,0,0,1509.0,1388.0,1806.0,1.0,0.0,0
8132,2024-12-02 10:10:50,160,0,0,1510.0,1384.0,1804.0,1.0,0.0,0
8133,2024-12-02 10:10:51,160,0,0,1515.0,1387.0,1807.0,1.0,0.0,0
8134,2024-12-02 10:10:51,160,0,0,1509.0,1384.0,1800.0,1.0,0.0,0
8135,2024-12-02 10:10:52,160,0,0,1509.0,1388.0,1799.0,1.0,0.0,0
8136,2024-12-02 10:10:52,160,0,0,1512.0,1391.0,1807.0,1.0,0.0,0
8137,2024-12-02 10:10:53,160,0,0,1512.0,1388.0,1807.0,1.0,0.0,0
8138,2024-12-02 10:10:53,160,0,0,1512.0,1386.0,1800.0,1.0,0.0,0
8139,2024-12-02 10:10:54,160,0,0,1512.0,1384.0,1801.0,1.0,0.0,0
8140,2024-12-02 10:10:54,160,0,0,1511.0,1389.0,1806.0,1.0,0.0,0
8141,2024-12-02 10:10:55,160,0,0,1510.0,1392.0,1803.0,1.0,0.0,0
8142,2024-12-02 10:10:55,160,0,0,1512.0,1388.0,1805.0,1.0,0.0,0
8143,2024-12-02 10:10:56,160,0,0,1516.0,1390.0,1806.0,1.0,0.0,0
8144,2024-12-02 10:10:56,160,0,0,1510.0,1388.0,1806.0,1.0,0.0,0
8145,2024-12-02 10:10:57,160,0,0,1511.0,1388.0,1800.0,1.0,0.0,0
8146,2024-12-02 10:10:57,160,0,0,1511.0,1392.0,1807.0,1.0,0.0,0
8147,2024-12-02 10:10:58,160,0,0,1509.0,1386.0,1807.0,1.0,0.0,0
8148,2024-12-02 10:10:58,160,0,0,1509.0,1392.0,1804.0,1.0,0.0,0
8149,2024-12-02 10:10:59,160,0,0,1510.0,1384.0,1800.0,1.0,0.0,0
8150,2024-12-02 10:10:59,160,0,0,1506.0,1384.0,1804.0,1.0,0.0,0
8151,2024-12-02 10:11:00,160,0,0,1511.0,1390.0,1803.0,1.0,0.0,0
8152,2024-12-02 10:11:00,160,0,0,1514.0,1390.0,1804.0,1.0,0.0,0
8153,2024-12-02 10:11:01,160,0,0,1512.0,1389.0,1803.0,1.0,0.0,0
8154,2024-12-02 10:11:01,160,0,0,1513.0,1388.0,1801.0,1.0,0.0,0
8155,2024-12-02 10:11:02,160,0,0,1509.0,1387.0,1807.0,1.0,0.0,0
8156,2024-12-02 10:11:02,160,0,0,1509.0,1394.0,1800.0,1.0,0.0,0
8157,2024-12-02 10:11:03,160,0,0,1515.0,1389.0,1804.0,1.0,0.0,0
8158,2024-12-02 10:11:03,160,0,0,1512.0,1392.0,1807.0,1.0,0.0,0
8159,2024-12-02 10:11:04,160,0,0,1510.0,1388.0,1806.0,1.0,0.0,0
8160,2024-12-02 10:11:04,160,0,0,1515.0,1387.0,1804.0,1.0,0.0,0
8161,2024-12-02 10:11:05,160,0,0,1507.0,1384.0,1806.0,1.0,0.0,0
8162,2024-12-02 10:11:05,160,0,0,1510.0,1391.0,1802.0,1.0,0.0,0
8163,2024-12-02 10:11:06,160,0,0,1510.0,1388.0,1800.0,1.0,0.0,0
8164,2024-12-02 10:11:06,160,0,0,1510.0,1388.0,1804.0,1.0,0.0,0
8165,2024-12-02 10:11:07,160,0,0,1511.0,1386.0,1800.0,1.0,0.0,0
8166,2024-12-02 10:11:07,160,0,0,1509.0,1392.0,1803.0,1.0,0.0,0
8167,2024-12-02 10:11:08,160,0,0,1511.0,1386.0,1800.0,1.0,0.0,0
8168,2024-12-02 10:11:08,160,0,0,1511.0,1392.0,1802.0,1.0,0.0,0
8169,2024-12-02 10:11:09,160,0,0,1516.0,1387.0,1807.0,1.0,0.0,0
8170,2024-12-02 10:11:09,160,0,0,1515.0,1386.0,1802.0,1.0,0.0,0
8171,2024-12-02 10:11:10,160,0,0,1508.0,1390.0,1807.0,1.0,0.0,0
8172,2024-12-02 10:11:10,160,0,0,1511.0,1392.0,1801.0,1.0,0.0,0
8173,2024-12-02 10:11:11,160,0,0,1512.0,1386.0,1806.0,1.0,0.0,0
8174,2024-12-02 10:11:11,160,0,0,1511.0,1392.0,1802.0,1.0,0.0,0
8175,2024-12-02 10:11:12,160,0,0,1510.0,1386.0,1807.0,1.0,0.0,0
8176,2024-12-02 10:11:12,160,0,0,1508.0,1389.0,1807.0,1.0,0.0,0
8177,2024-12-02 10:11:13,160,0,0,1511.0,1389.0,1803.0,1.0,0.0,0
8178,2024-12-02 10:11:13,160,0,0,1504.0,1392.0,1801.0,1.0,0.0,0
8179,2024-12-02 10:11:14,160,0,0,1512.0,1392.0,1805.0,1.0,0.0,0
8180,2024-12-02 10:11:14,160,0,0,1510.0,1392.0,1804.0,1.0,0.0,0
8181,2024-12-02 10:11:15,160,0,0,1512.0,1389.0,1807.0,1.0,0.0,0
8182,2024-12-02 10:11:15,160,0,0,1505.0,1391.0,1802.0,1.0,0.0,0
8183,2024-12-02 10:11:16,160,0,0,1516.0,1386.0,1807.0,1.0,0.0,0
8184,2024-12-02 10:11:16,160,0,0,1507.0,1392.0,1806.0,1.0,0.0,0
8185,2024-12-02 10:11:17,160,0,0,1513.0,1384.0,1802.0,1.0,0.0,0
8186,2024-12-02 10:11:17,160,0,0,1512.0,1388.0,1802.0,1.0,0.0,0
8187,2024-12-02 10:11:18,160,0,0,1506.0,1388.0,1807.0,1.0,0.0,0
8188,2024-12-02 10:11:18,160,0,0,1511.0,1390.0,1807.0,1.0,0.0,0
8189,2024-12-02 10:11:19,160,0,0,1515.0,1388.0,1802.0,1.0,0.0,0
8190,2024-12-02 10:11:19,160,0,0,1508.0,1387.0,1806.0,1.0,0.0,0
8191,2024-12-02 10:11:20,160,0,0,1509.0,1388.0,1803.0,1.0,0.0,0
8192,2024-12-02 10:11:20,160,0,0,1516.0,1390.0,1803.0,1.0,0.0,0
8193,2024-12-02 10:11:21,160,0,0,1514.0,1387.0,1810.0,1.0,0.0,0
8194,2024-12-02 10:11:21,160,0,0,1507.0,1388.0,1803.0,1.0,0.0,0
8195,2024-12-02 10:11:22,160,0,0,1508.0,1387.0,1807.0,1.0,0.0,0
8196,2024-12-02 10:11:22,160,0,0,1508.0,1386.0,1805.0,1.0,0.0,0
8197,2024-12-02 10:11:23,160,0,0,1509.0,1387.0,1807.0,1.0,0.0,0
8198,2024-12-02 10:11:23,160,0,0,1509.0,1390.0,1802.0,1.0,0.0,0
8199,2024-12-02 10:11:24,160,0,0,1511.0,1390.0,1804.0,1.0,0.0,0
8200,2024-12-02 10:11:24,160,0,0,1510.0,1386.0,1803.0,1.0,0.0,0
8201,2024-12-02 10:11:25,160,0,0,1509.0,1384.0,1800.0,1.0,0.0,0
8202,2024-12-02 10:11:25,160,0,0,1510.0,1384.0,1804.0,1.0,0.0,0
8203,2024-12-02 10:11:26,160,0,0,1512.0,1388.0,1803.0,1.0,0.0,0
8204,2024-12-02 10:11:26,160,0,0,1510.0,1388.0,1803.0,1.0,0.0,0
8205,2024-12-02 10:11:27,160,0,0,1509.0,1393.0,1804.0,1.0,0.0,0
8206,2024-12-02 10:11:27,160,0,0,1514.0,1384.0,1807.0,1.0,0.0,0
8207,2024-12-02 10:11:28,160,0,0,1510.0,1386.0,1804.0,1.0,0.0,0
8208,2024-12-02 10:11:28,160,0,0,1509.0,1385.0,1805.0,1.0,0.0,0
8209,2024-12-02 10:11:29,160,0,0,1507.0,1393.0,1804.0,1.0,0.0,0
8210,2024-12-02 10:11:29,160,0,0,1512.0,1392.0,1801.0,1.0,0.0,0
8211,2024-12-02 10:11:30,160,0,0,1513.0,1384.0,1800.0,1.0,0.0,0
8212,2024-12-02 10:11:30,160,0,0,1509.0,1388.0,1803.0,1.0,0.0,0
8213,2024-12-02 10:11:31,160,0,0,1510.0,1384.0,1802.0,1.0,0.0,0
8214,2024-12-02 10:11:31,160,0,0,1510.0,1386.0,1802.0,1.0,0.0,0
8215,2024-12-02 10:11:32,160,0,0,1512.0,1388.0,1802.0,1.0,0.0,0
8216,2024-12-02 10:11:32,160,0,0,1509.0,1384.0,1800.0,1.0,0.0,0
8217,2024-12-02 10:11:33,160,0,0,1514.0,1386.0,1803.0,1.0,0.0,0
8218,2024-12-02 10:11:33,160,0,0,1508.0,1384.0,1804.0,1.0,0.0,0
8219,2024-12-02 10:11:34,160,0,0,1518.0,1391.0,1806.0,1.0,0.0,0
8220,2024-12-02 10:11:34,160,0,0,1507.0,1380.0,1808.0,1.0,0.0,0
8221,2024-12-02 10:11:35,160,0,0,1510.0,1388.0,1804.0,1.0,0.0,0
8222,2024-12-02 10:11:35,160,0,0,1510.0,1380.0,1803.0,1.0,0.0,0
8223,2024-12-02 10:11:36,160,0,0,1512.0,1387.0,1802.0,1.0,0.0,0
8224,2024-12-02 10:11:36,160,0,0,1512.0,1388.0,1807.0,1.0,0.0,0
8225,2024-12-02 10:11:37,160,0,0,1514.0,1387.0,1803.0,1.0,0.0,0
8226,2024-12-02 10:11:37,160,0,0,1509.0,1385.0,1804.0,1.0,0.0,0
8227,2024-12-02 10:11:38,160,0,0,1516.0,1388.0,1807.0,1.0,0.0,0
8228,2024-12-02 10:11:38,160,0,0,1512.0,1387.0,1805.0,1.0,0.0,0
8229,2024-12-02 10:11:39,160,0,0,1514.0,1384.0,1801.0,1.0,0.0,0
8230,2024-12-02 10:11:39,160,0,0,1512.0,1384.0,1809.0,1.0,0.0,0
8231,2024-12-02 10:11:40,160,0,0,1515.0,1386.0,1802.0,1.0,0.0,0
8232,2024-12-02 10:11:40,160,0,0,1510.0,1392.0,1808.0,1.0,0.0,0
8233,2024-12-02 10:11:41,160,0,0,1511.0,1388.0,1804.0,1.0,0.0,0
8234,2024-12-02 10:11:41,160,0,0,1519.0,1392.0,1804.0,1.0,0.0,0
8235,2024-12-02 10:11:42,160,0,0,1513.0,1386.0,1805.0,1.0,0.0,0
8236,2024-12-02 10:11:42,160,0,0,1509.0,1386.0,1807.0,1.0,0.0,0
8237,2024-12-02 10:11:43,160,0,0,1515.0,1385.0,1804.0,1.0,0.0,0
8238,2024-12-02 10:11:43,160,0,0,1509.0,1387.0,1802.0,1.0,0.0,0
8239,2024-12-02 10:11:44,160,0,0,1512.0,1381.0,1803.0,1.0,0.0,0
8240,2024-12-02 10:11:44,160,0,0,1512.0,1386.0,1805.0,1.0,0.0,0
8241,2024-12-02 10:11:45,160,0,0,1507.0,1384.0,1802.0,1.0,0.0,0
8242,2024-12-02 10:11:45,160,0,0,1510.0,1390.0,1802.0,1.0,0.0,0
8243,2024-12-02 10:11:46,160,0,0,1508.0,1390.0,1801.0,1.0,0.0,0
8244,2024-12-02 10:11:46,160,0,0,1515.0,1386.0,1800.0,1.0,0.0,0
8245,2024-12-02 10:11:47,160,0,0,1511.0,1392.0,1802.0,1.0,0.0,0
8246,2024-12-02 10:11:47,160,0,0,1518.0,1386.0,1807.0,1.0,0.0,0
8247,2024-12-02 10:11:48,160,0,0,1511.0,1387.0,1803.0,1.0,0.0,0
8248,2024-12-02 10:11:48,160,0,0,1518.0,1386.0,1807.0,1.0,0.0,0
8249,2024-12-02 10:11:49,160,0,0,1509.0,1384.0,1802.0,1.0,0.0,0
8250,2024-12-02 10:11:49,160,0,0,1511.0,1386.0,1807.0,1.0,0.0,0
8251,2024-12-02 10:11:50,160,0,0,1508.0,1388.0,1802.0,1.0,0.0,0
8252,2024-12-02 10:11:50,160,0,0,1518.0,1387.0,1801.0,1.0,0.0,0
8253,2024-12-02 10:11:51,160,0,0,1511.0,1384.0,1807.0,1.0,0.0,0
8254,2024-12-02 10:11:51,160,0,0,1510.0,1387.0,1802.0,1.0,0.0,0
8255,2024-12-02 10:11:52,160,0,0,1507.0,1387.0,1800.0,1.0,0.0,0
8256,2024-12-02 10:11:52,160,0,0,1512.0,1389.0,1802.0,1.0,0.0,0
8257,2024-12-02 10:11:53,160,0,0,1510.0,1393.0,1807.0,1.0,0.0,0
8258,2024-12-02 10:11:53,160,0,0,1509.0,1392.0,1802.0,1.0,0.0,0
8259,2024-12-02 10:11:54,160,0,0,1515.0,1390.0,1802.0,1.0,0.0,0
8260,2024-12-02 10:11:54,160,0,0,1511.0,1387.0,1811.0,1.0,0.0,0
8261,2024-12-02 10:11:55,160,0,0,1507.0,1388.0,1807.0,1.0,0.0,0
8262,2024-12-02 10:11:55,160,0,0,1511.0,1393.0,1802.0,1.0,0.0,0
8263,2024-12-02 10:11:56,160,0,0,1516.0,1385.0,1806.0,1.0,0.0,0
8264,2024-12-02 10:11:57,160,0,0,1512.0,1389.0,1800.0,1.0,0.0,0
8265,2024-12-02 10:11:57,160,0,0,1511.0,1390.0,1807.0,1.0,0.0,0
8266,2024-12-02 10:11:57,160,0,0,1514.0,1387.0,1805.0,1.0,0.0,0
8267,2024-12-02 10:11:58,160,0,0,1508.0,1392.0,1800.0,1.0,0.0,0
8268,2024-12-02 10:11:58,160,0,0,1509.0,1392.0,1814.0,1.0,0.0,0
8269,2024-12-02 10:11:59,160,0,0,1505.0,1384.0,1804.0,1.0,0.0,0
8270,2024-12-02 10:11:59,160,0,0,1518.0,1388.0,1807.0,1.0,0.0,0
8271,2024-12-02 10:12:00,160,0,0,1509.0,1388.0,1799.0,1.0,0.0,0
8272,2024-12-02 10:12:00,160,0,0,1510.0,1390.0,1800.0,1.0,0.0,0
8273,2024-12-02 10:12:01,160,0,0,1509.0,1390.0,1800.0,1.0,0.0,0
8274,2024-12-02 10:12:01,160,0,0,1513.0,1392.0,1803.0,1.0,0.0,0
8275,2024-12-02 10:12:02,160,0,0,1509.0,1388.0,1807.0,1.0,0.0,0
8276,2024-12-02 10:12:02,160,0,0,1511.0,1395.0,1807.0,1.0,0.0,0
8277,2024-12-02 10:12:03,160,0,0,1512.0,1384.0,1806.0,1.0,0.0,0
8278,2024-12-02 10:12:03,160,0,0,1509.0,1390.0,1804.0,1.0,0.0,0
8279,2024-12-02 10:12:04,160,0,0,1505.0,1385.0,1808.0,1.0,0.0,0
8280,2024-12-02 10:12:04,160,0,0,1512.0,1390.0,1803.0,1.0,0.0,0
8281,2024-12-02 10:12:05,160,0,0,1508.0,1387.0,1803.0,1.0,0.0,0
8282,2024-12-02 10:12:05,160,0,0,1512.0,1388.0,1800.0,1.0,0.0,0
8283,2024-12-02 10:12:06,160,0,0,1510.0,1386.0,1805.0,1.0,0.0,0
8284,2024-12-02 10:12:06,160,0,0,1510.0,1384.0,1801.0,1.0,0.0,0
8285,2024-12-02 10:12:07,160,0,0,1515.0,1388.0,1807.0,1.0,0.0,0
8286,2024-12-02 10:12:07,160,0,0,1511.0,1382.0,1803.0,1.0,0.0,0
8287,2024-12-02 10:12:08,160,0,0,1515.0,1384.0,1807.0,1.0,0.0,0
8288,2024-12-02 10:12:08,160,0,0,1510.0,1386.0,1804.0,1.0,0.0,0
8289,2024-12-02 10:12:09,160,0,0,1508.0,1380.0,1807.0,1.0,0.0,0
8290,2024-12-02 10:12:09,160,0,0,1514.0,1391.0,1805.0,1.0,0.0,0
8291,2024-12-02 10:12:10,160,0,0,1514.0,1386.0,1802.0,1.0,0.0,0
8292,2024-12-02 10:12:10,160,0,0,1515.0,1386.0,1810.0,1.0,0.0,0
8293,2024-12-02 10:12:11,160,0,0,1512.0,1384.0,1804.0,1.0,0.0,0
8294,2024-12-02 10:12:11,160,0,0,1512.0,1384.0,1802.0,1.0,0.0,0
8295,2024-12-02 10:12:12,160,0,0,1515.0,1390.0,1800.0,1.0,0.0,0
8296,2024-12-02 10:12:12,160,0,0,1507.0,1392.0,1803.0,1.0,0.0,0
8297,2024-12-02 10:12:13,160,0,0,1513.0,1384.0,1806.0,1.0,0.0,0
8298,2024-12-02 10:12:13,160,0,0,1512.0,1387.0,1814.0,1.0,0.0,0
8299,2024-12-02 10:12:14,160,0,0,1512.0,1389.0,1800.0,1.0,0.0,0
8300,2024-12-02 10:12:14,160,0,0,1512.0,1385.0,1802.0,1.0,0.0,0
8301,2024-12-02 10:12:15,160,0,0,1507.0,1392.0,1803.0,1.0,0.0,0
8302,2024-12-02 10:12:15,160,0,0,1513.0,1386.0,1803.0,1.0,0.0,0
8303,2024-12-02 10:12:16,160,0,0,1511.0,1393.0,1802.0,1.0,0.0,0
8304,2024-12-02 10:12:16,160,0,0,1513.0,1382.0,1807.0,1.0,0.0,0
8305,2024-12-02 10:12:17,160,0,0,1510.0,1383.0,1805.0,1.0,0.0,0
8306,2024-12-02 10:12:17,160,0,0,1511.0,1384.0,1807.0,1.0,0.0,0
8307,2024-12-02 10:12:18,160,0,0,1516.0,1386.0,1802.0,1.0,0.0,0
8308,2024-12-02 10:12:18,160,0,0,1507.0,1388.0,1807.0,1.0,0.0,0
8309,2024-12-02 10:12:19,160,0,0,1511.0,1388.0,1804.0,1.0,0.0,0
8310,2024-12-02 10:12:19,160,0,0,1513.0,1388.0,1800.0,1.0,0.0,0
8311,2024-12-02 10:12:20,160,0,0,1515.0,1388.0,1800.0,1.0,0.0,0
8312,2024-12-02 10:12:20,160,0,0,1511.0,1390.0,1801.0,1.0,0.0,0
8313,2024-12-02 10:12:21,160,0,0,1509.0,1385.0,1806.0,1.0,0.0,0
8314,2024-12-02 10:12:21,160,0,0,1506.0,1388.0,1803.0,1.0,0.0,0
8315,2024-12-02 10:12:22,160,0,0,1513.0,1386.0,1806.0,1.0,0.0,0
8316,2024-12-02 10:12:22,160,0,0,1510.0,1392.0,1806.0,1.0,0.0,0
8317,2024-12-02 10:12:23,160,0,0,1510.0,1391.0,1803.0,1.0,0.0,0
8318,2024-12-02 10:12:27,160,0,0,1210.0,1501.0,1514.0,2.0,0.0,0
8319,2024-12-02 10:12:28,160,0,0,1207.0,1494.0,1513.0,2.0,0.0,0
8320,2024-12-02 10:12:28,160,0,0,1205.0,1502.0,1507.0,2.0,0.0,0
8321,2024-12-02 10:12:29,160,0,0,1211.0,1495.0,1517.0,2.0,0.0,0
8322,2024-12-02 10:12:29,160,0,0,1207.0,1492.0,1519.0,2.0,0.0,0
8323,2024-12-02 10:12:30,160,0,0,1210.0,1494.0,1522.0,2.0,0.0,0
8324,2024-12-02 10:12:30,160,0,0,1209.0,1496.0,1509.0,2.0,0.0,0
8325,2024-12-02 10:12:31,160,0,0,1207.0,1501.0,1515.0,2.0,0.0,0
8326,2024-12-02 10:12:31,160,0,0,1209.0,1495.0,1522.0,2.0,0.0,0
8327,2024-12-02 10:12:32,160,0,0,1209.0,1493.0,1527.0,2.0,0.0,0
8328,2024-12-02 10:12:32,160,0,0,1204.0,1494.0,1524.0,2.0,0.0,0
8329,2024-12-02 10:12:33,160,0,0,1207.0,1495.0,1529.0,2.0,0.0,0
8330,2024-12-02 10:12:33,160,0,0,1206.0,1493.0,1528.0,2.0,0.0,0
8331,2024-12-02 10:12:34,160,0,0,1209.0,1493.0,1534.0,2.0,0.0,0
8332,2024-12-02 10:12:34,160,0,0,1209.0,1497.0,1532.0,2.0,0.0,0
8333,2024-12-02 10:12:35,160,0,0,1212.0,1490.0,1539.0,2.0,0.0,0
8334,2024-12-02 10:12:35,160,0,0,1209.0,1489.0,1536.0,2.0,0.0,0
8335,2024-12-02 10:12:36,160,0,0,1209.0,1490.0,1531.0,2.0,0.0,0
8336,2024-12-02 10:12:36,160,0,0,1207.0,1493.0,1531.0,2.0,0.0,0
8337,2024-12-02 10:12:37,160,0,0,1204.0,1490.0,1536.0,2.0,0.0,0
8338,2024-12-02 10:12:37,160,0,0,1216.0,1488.0,1530.0,2.0,0.0,0
8339,2024-12-02 10:12:38,160,0,0,1209.0,1492.0,1533.0,2.0,0.0,0
8340,2024-12-02 10:12:38,160,0,0,1207.0,1490.0,1537.0,2.0,0.0,0
8341,2024-12-02 10:12:39,160,0,0,1206.0,1491.0,1534.0,2.0,0.0,0
8342,2024-12-02 10:12:39,160,0,0,1207.0,1491.0,1531.0,2.0,0.0,0
8343,2024-12-02 10:12:40,160,0,0,1212.0,1487.0,1535.0,2.0,0.0,0
8344,2024-12-02 10:12:40,160,0,0,1207.0,1487.0,1541.0,2.0,0.0,0
8345,2024-12-02 10:12:41,160,0,0,1208.0,1489.0,1544.0,2.0,0.0,0
8346,2024-12-02 10:12:41,160,0,0,1206.0,1489.0,1531.0,2.0,0.0,0
8347,2024-12-02 10:12:42,160,0,0,1206.0,1494.0,1531.0,2.0,0.0,0
8348,2024-12-02 10:12:42,160,0,0,1208.0,1495.0,1532.0,2.0,0.0,0
8349,2024-12-02 10:12:43,160,0,0,1207.0,1495.0,1528.0,2.0,0.0,0
8350,2024-12-02 10:12:43,160,0,0,1209.0,1486.0,1531.0,2.0,0.0,0
8351,2024-12-02 10:12:44,160,0,0,1209.0,1492.0,1546.0,2.0,0.0,0
8352,2024-12-02 10:12:44,160,0,0,1206.0,1493.0,1536.0,2.0,0.0,0
8353,2024-12-02 10:12:45,160,0,0,1203.0,1490.0,1537.0,2.0,0.0,0
8354,2024-12-02 10:12:45,160,0,0,1209.0,1493.0,1537.0,2.0,0.0,0
8355,2024-12-02 10:12:46,160,0,0,1209.0,1492.0,1531.0,2.0,0.0,0
8356,2024-12-02 10:12:46,160,0,0,1204.0,1488.0,1531.0,2.0,0.0,0
8357,2024-12-02 10:12:47,160,0,0,1210.0,1493.0,1530.0,2.0,0.0,0
8358,2024-12-02 10:12:47,160,0,0,1205.0,1495.0,1531.0,2.0,0.0,0
8359,2024-12-02 10:12:48,160,0,0,1204.0,1487.0,1531.0,2.0,0.0,0
8360,2024-12-02 10:12:48,160,0,0,1209.0,1491.0,1533.0,2.0,0.0,0
8361,2024-12-02 10:12:49,160,0,0,1204.0,1493.0,1531.0,2.0,0.0,0
8362,2024-12-02 10:12:49,160,0,0,1205.0,1488.0,1535.0,2.0,0.0,0
8363,2024-12-02 10:12:50,160,0,0,1206.0,1486.0,1536.0,2.0,0.0,0
8364,2024-12-02 10:12:50,160,0,0,1206.0,1489.0,1537.0,2.0,0.0,0
8365,2024-12-02 10:12:51,160,0,0,1204.0,1490.0,1538.0,2.0,0.0,0
8366,2024-12-02 10:12:51,160,0,0,1209.0,1487.0,1540.0,2.0,0.0,0
8367,2024-12-02 10:12:52,160,0,0,1203.0,1490.0,1540.0,2.0,0.0,0
8368,2024-12-02 10:12:52,160,0,0,1210.0,1482.0,1535.0,2.0,0.0,0
8369,2024-12-02 10:12:53,160,0,0,1207.0,1491.0,1543.0,2.0,0.0,0
8370,2024-12-02 10:12:53,160,0,0,1209.0,1490.0,1540.0,2.0,0.0,0
8371,2024-12-02 10:12:54,160,0,0,1207.0,1487.0,1531.0,2.0,0.0,0
8372,2024-12-02 10:12:54,160,0,0,1209.0,1490.0,1541.0,2.0,0.0,0
8373,2024-12-02 10:12:55,160,0,0,1210.0,1492.0,1531.0,2.0,0.0,0
8374,2024-12-02 10:12:55,160,0,0,1204.0,1487.0,1535.0,2.0,0.0,0
8375,2024-12-02 10:12:56,160,0,0,1211.0,1494.0,1534.0,2.0,0.0,0
8376,2024-12-02 10:12:56,160,0,0,1204.0,1489.0,1546.0,2.0,0.0,0
8377,2024-12-02 10:12:57,160,0,0,1204.0,1488.0,1539.0,2.0,0.0,0
8378,2024-12-02 10:12:57,160,0,0,1202.0,1487.0,1533.0,2.0,0.0,0
8379,2024-12-02 10:12:58,160,0,0,1212.0,1491.0,1526.0,2.0,0.0,0
8380,2024-12-02 10:12:58,160,0,0,1207.0,1490.0,1540.0,2.0,0.0,0
8381,2024-12-02 10:12:59,160,0,0,1213.0,1487.0,1538.0,2.0,0.0,0
8382,2024-12-02 10:12:59,160,0,0,1214.0,1494.0,1542.0,2.0,0.0,0
8383,2024-12-02 10:13:00,160,0,0,1201.0,1491.0,1538.0,2.0,0.0,0
8384,2024-12-02 10:13:00,160,0,0,1210.0,1494.0,1533.0,2.0,0.0,0
8385,2024-12-02 10:13:01,160,0,0,1209.0,1493.0,1538.0,2.0,0.0,0
8386,2024-12-02 10:13:01,160,0,0,1207.0,1487.0,1541.0,2.0,0.0,0
8387,2024-12-02 10:13:02,160,0,0,1211.0,1487.0,1542.0,2.0,0.0,0
8388,2024-12-02 10:13:02,160,0,0,1205.0,1487.0,1540.0,2.0,0.0,0
8389,2024-12-02 10:13:03,160,0,0,1209.0,1487.0,1541.0,2.0,0.0,0
8390,2024-12-02 10:13:03,160,0,0,1208.0,1483.0,1550.0,2.0,0.0,0
8391,2024-12-02 10:13:04,160,0,0,1203.0,1489.0,1531.0,2.0,0.0,0
8392,2024-12-02 10:13:04,160,0,0,1204.0,1489.0,1533.0,2.0,0.0,0
8393,2024-12-02 10:13:05,160,0,0,1208.0,1492.0,1532.0,2.0,0.0,0
8394,2024-12-02 10:13:05,160,0,0,1208.0,1490.0,1535.0,2.0,0.0,0
8395,2024-12-02 10:13:06,160,0,0,1204.0,1490.0,1537.0,2.0,0.0,0
8396,2024-12-02 10:13:06,160,0,0,1210.0,1491.0,1539.0,2.0,0.0,0
8397,2024-12-02 10:13:07,160,0,0,1214.0,1487.0,1539.0,2.0,0.0,0
8398,2024-12-02 10:13:07,160,0,0,1208.0,1487.0,1536.0,2.0,0.0,0
8399,2024-12-02 10:13:08,160,0,0,1204.0,1487.0,1538.0,2.0,0.0,0
8400,2024-12-02 10:13:08,160,0,0,1204.0,1490.0,1542.0,2.0,0.0,0
8401,2024-12-02 10:13:09,160,0,0,1205.0,1487.0,1540.0,2.0,0.0,0
8402,2024-12-02 10:13:09,160,0,0,1211.0,1492.0,1539.0,2.0,0.0,0
8403,2024-12-02 10:13:10,160,0,0,1206.0,1484.0,1544.0,2.0,0.0,0
8404,2024-12-02 10:13:10,160,0,0,1210.0,1486.0,1538.0,2.0,0.0,0
8405,2024-12-02 10:13:11,160,0,0,1208.0,1490.0,1539.0,2.0,0.0,0
8406,2024-12-02 10:13:11,160,0,0,1216.0,1487.0,1541.0,2.0,0.0,0
8407,2024-12-02 10:13:12,160,0,0,1207.0,1490.0,1537.0,2.0,0.0,0
8408,2024-12-02 10:13:12,160,0,0,1210.0,1486.0,1538.0,2.0,0.0,0
8409,2024-12-02 10:13:13,160,0,0,1204.0,1487.0,1543.0,2.0,0.0,0
8410,2024-12-02 10:13:13,160,0,0,1204.0,1490.0,1542.0,2.0,0.0,0
8411,2024-12-02 10:13:14,160,0,0,1206.0,1487.0,1544.0,2.0,0.0,0
8412,2024-12-02 10:13:14,160,0,0,1204.0,1490.0,1541.0,2.0,0.0,0
8413,2024-12-02 10:13:15,160,0,0,1209.0,1491.0,1538.0,2.0,0.0,0
8414,2024-12-02 10:13:15,160,0,0,1207.0,1487.0,1531.0,2.0,0.0,0
8415,2024-12-02 10:13:16,160,0,0,1211.0,1487.0,1537.0,2.0,0.0,0
8416,2024-12-02 10:13:16,160,0,0,1208.0,1487.0,1539.0,2.0,0.0,0
8417,2024-12-02 10:13:17,160,0,0,1204.0,1486.0,1538.0,2.0,0.0,0
8418,2024-12-02 10:13:17,160,0,0,1204.0,1487.0,1543.0,2.0,0.0,0
8419,2024-12-02 10:13:18,160,0,0,1212.0,1490.0,1541.0,2.0,0.0,0
8420,2024-12-02 10:13:18,160,0,0,1207.0,1488.0,1539.0,2.0,0.0,0
8421,2024-12-02 10:13:19,160,0,0,1205.0,1489.0,1545.0,2.0,0.0,0
8422,2024-12-02 10:13:19,160,0,0,1216.0,1488.0,1538.0,2.0,0.0,0
8423,2024-12-02 10:13:20,160,0,0,1210.0,1488.0,1541.0,2.0,0.0,0
8424,2024-12-02 10:13:20,160,0,0,1210.0,1485.0,1546.0,2.0,0.0,0
8425,2024-12-02 10:13:21,160,0,0,1207.0,1490.0,1543.0,2.0,0.0,0
8426,2024-12-02 10:13:21,160,0,0,1207.0,1488.0,1546.0,2.0,0.0,0
8427,2024-12-02 10:13:22,160,0,0,1209.0,1486.0,1545.0,2.0,0.0,0
8428,2024-12-02 10:13:22,160,0,0,1206.0,1487.0,1542.0,2.0,0.0,0
8429,2024-12-02 10:13:23,160,0,0,1212.0,1488.0,1538.0,2.0,0.0,0
8430,2024-12-02 10:13:23,160,0,0,1209.0,1486.0,1541.0,2.0,0.0,0
8431,2024-12-02 10:13:24,160,0,0,1206.0,1490.0,1541.0,2.0,0.0,0
8432,2024-12-02 10:13:24,160,0,0,1210.0,1487.0,1546.0,2.0,0.0,0
8433,2024-12-02 10:13:25,160,0,0,1210.0,1490.0,1546.0,2.0,0.0,0
8434,2024-12-02 10:13:25,160,0,0,1212.0,1487.0,1538.0,2.0,0.0,0
8435,2024-12-02 10:13:26,160,0,0,1209.0,1487.0,1535.0,2.0,0.0,0
8436,2024-12-02 10:13:26,160,0,0,1206.0,1486.0,1531.0,2.0,0.0,0
8437,2024-12-02 10:13:27,160,0,0,1209.0,1487.0,1541.0,2.0,0.0,0
8438,2024-12-02 10:13:27,160,0,0,1204.0,1486.0,1544.0,2.0,0.0,0
8439,2024-12-02 10:13:28,160,0,0,1207.0,1492.0,1541.0,2.0,0.0,0
8440,2024-12-02 10:13:28,160,0,0,1207.0,1486.0,1542.0,2.0,0.0,0
8441,2024-12-02 10:13:29,160,0,0,1207.0,1489.0,1542.0,2.0,0.0,0
8442,2024-12-02 10:13:29,160,0,0,1209.0,1485.0,1542.0,2.0,0.0,0
8443,2024-12-02 10:13:30,160,0,0,1211.0,1489.0,1540.0,2.0,0.0,0
8444,2024-12-02 10:13:30,160,0,0,1208.0,1487.0,1546.0,2.0,0.0,0
8445,2024-12-02 10:13:31,160,0,0,1212.0,1481.0,1533.0,2.0,0.0,0
8446,2024-12-02 10:13:31,160,0,0,1211.0,1491.0,1544.0,2.0,0.0,0
8447,2024-12-02 10:13:32,160,0,0,1205.0,1484.0,1539.0,2.0,0.0,0
8448,2024-12-02 10:13:32,160,0,0,1212.0,1484.0,1547.0,2.0,0.0,0
8449,2024-12-02 10:13:33,160,0,0,1209.0,1487.0,1546.0,2.0,0.0,0
8450,2024-12-02 10:13:33,160,0,0,1211.0,1490.0,1545.0,2.0,0.0,0
8451,2024-12-02 10:13:34,160,0,0,1204.0,1494.0,1546.0,2.0,0.0,0
8452,2024-12-02 10:13:34,160,0,0,1211.0,1484.0,1540.0,2.0,0.0,0
8453,2024-12-02 10:13:35,160,0,0,1206.0,1488.0,1544.0,2.0,0.0,0
8454,2024-12-02 10:13:35,160,0,0,1207.0,1485.0,1544.0,2.0,0.0,0
8455,2024-12-02 10:13:36,160,0,0,1212.0,1484.0,1539.0,2.0,0.0,0
8456,2024-12-02 10:13:36,160,0,0,1212.0,1490.0,1544.0,2.0,0.0,0
8457,2024-12-02 10:13:37,160,0,0,1212.0,1486.0,1549.0,2.0,0.0,0
8458,2024-12-02 10:13:37,160,0,0,1209.0,1484.0,1548.0,2.0,0.0,0
8459,2024-12-02 10:13:38,160,0,0,1201.0,1481.0,1545.0,2.0,0.0,0
8460,2024-12-02 10:13:38,160,0,0,1209.0,1489.0,1540.0,2.0,0.0,0
8461,2024-12-02 10:13:39,160,0,0,1208.0,1490.0,1538.0,2.0,0.0,0
8462,2024-12-02 10:13:40,160,0,0,1204.0,1487.0,1538.0,2.0,0.0,0
8463,2024-12-02 10:13:40,160,0,0,1208.0,1487.0,1560.0,2.0,0.0,0
8464,2024-12-02 10:13:40,160,0,0,1205.0,1488.0,1546.0,2.0,0.0,0
8465,2024-12-02 10:13:41,160,0,0,1210.0,1491.0,1540.0,2.0,0.0,0
8466,2024-12-02 10:13:41,160,0,0,1208.0,1485.0,1540.0,2.0,0.0,0
8467,2024-12-02 10:13:42,160,0,0,1208.0,1493.0,1535.0,2.0,0.0,0
8468,2024-12-02 10:13:42,160,0,0,1216.0,1492.0,1533.0,2.0,0.0,0
8469,2024-12-02 10:13:43,160,0,0,1211.0,1492.0,1536.0,2.0,0.0,0
8470,2024-12-02 10:13:43,160,0,0,1205.0,1501.0,1526.0,2.0,0.0,0
8471,2024-12-02 10:13:44,160,0,0,1204.0,1497.0,1518.0,2.0,0.0,0
8472,2024-12-02 10:13:44,160,0,0,1211.0,1494.0,1524.0,2.0,0.0,0
8473,2024-12-02 10:13:45,160,0,0,1204.0,1486.0,1519.0,2.0,0.0,0
8474,2024-12-02 10:13:45,160,0,0,1207.0,1494.0,1529.0,2.0,0.0,0
8475,2024-12-02 10:13:46,160,0,0,1209.0,1494.0,1522.0,2.0,0.0,0
8476,2024-12-02 10:13:46,160,0,0,1206.0,1489.0,1524.0,2.0,0.0,0
8477,2024-12-02 10:13:47,160,0,0,1208.0,1487.0,1536.0,2.0,0.0,0
8478,2024-12-02 10:13:47,160,0,0,1209.0,1489.0,1532.0,2.0,0.0,0
8479,2024-12-02 10:13:48,160,0,0,1209.0,1491.0,1528.0,2.0,0.0,0
8480,2024-12-02 10:13:48,160,0,0,1208.0,1495.0,1528.0,2.0,0.0,0
8481,2024-12-02 10:13:49,160,0,0,1211.0,1495.0,1528.0,2.0,0.0,0
8482,2024-12-02 10:13:49,160,0,0,1211.0,1487.0,1535.0,2.0,0.0,0
8483,2024-12-02 10:13:50,160,0,0,1204.0,1494.0,1531.0,2.0,0.0,0
8484,2024-12-02 10:13:50,160,0,0,1203.0,1493.0,1536.0,2.0,0.0,0
8485,2024-12-02 10:13:51,160,0,0,1208.0,1487.0,1528.0,2.0,0.0,0
8486,2024-12-02 10:13:52,160,0,0,1206.0,1493.0,1531.0,2.0,0.0,0
8487,2024-12-02 10:13:52,160,0,0,1204.0,1493.0,1534.0,2.0,0.0,0
8488,2024-12-02 10:13:52,160,0,0,1207.0,1493.0,1534.0,2.0,0.0,0
8489,2024-12-02 10:13:53,160,0,0,1211.0,1493.0,1531.0,2.0,0.0,0
8490,2024-12-02 10:13:53,160,0,0,1208.0,1491.0,1533.0,2.0,0.0,0
8491,2024-12-02 10:13:54,160,0,0,1204.0,1490.0,1534.0,2.0,0.0,0
8492,2024-12-02 10:13:54,160,0,0,1204.0,1490.0,1533.0,2.0,0.0,0
8493,2024-12-02 10:13:55,160,0,0,1212.0,1486.0,1531.0,2.0,0.0,0
8494,2024-12-02 10:13:55,160,0,0,1209.0,1488.0,1537.0,2.0,0.0,0
8495,2024-12-02 10:13:56,160,0,0,1207.0,1491.0,1531.0,2.0,0.0,0
8496,2024-12-02 10:13:56,160,0,0,1208.0,1490.0,1533.0,2.0,0.0,0
8497,2024-12-02 10:13:57,160,0,0,1207.0,1493.0,1537.0,2.0,0.0,0
8498,2024-12-02 10:13:57,160,0,0,1208.0,1491.0,1538.0,2.0,0.0,0
8499,2024-12-02 10:13:58,160,0,0,1211.0,1496.0,1541.0,2.0,0.0,0
8500,2024-12-02 10:13:58,160,0,0,1206.0,1487.0,1539.0,2.0,0.0,0
8501,2024-12-02 10:13:59,160,0,0,1207.0,1487.0,1536.0,2.0,0.0,0
8502,2024-12-02 10:13:59,160,0,0,1206.0,1490.0,1531.0,2.0,0.0,0
8503,2024-12-02 10:14:00,160,0,0,1212.0,1486.0,1538.0,2.0,0.0,0
8504,2024-12-02 10:14:00,160,0,0,1204.0,1487.0,1539.0,2.0,0.0,0
8505,2024-12-02 10:14:01,160,0,0,1211.0,1491.0,1532.0,2.0,0.0,0
8506,2024-12-02 10:14:01,160,0,0,1206.0,1491.0,1532.0,2.0,0.0,0
8507,2024-12-02 10:14:02,160,0,0,1209.0,1501.0,1535.0,2.0,0.0,0
8508,2024-12-02 10:14:02,160,0,0,1208.0,1494.0,1534.0,2.0,0.0,0
8509,2024-12-02 10:14:03,160,0,0,1207.0,1490.0,1538.0,2.0,0.0,0
8510,2024-12-02 10:14:04,160,0,0,1214.0,1487.0,1541.0,2.0,0.0,0
8511,2024-12-02 10:14:04,160,0,0,1208.0,1490.0,1546.0,2.0,0.0,0
8512,2024-12-02 10:14:04,160,0,0,1206.0,1487.0,1543.0,2.0,0.0,0
8513,2024-12-02 10:14:05,160,0,0,1208.0,1490.0,1539.0,2.0,0.0,0
8514,2024-12-02 10:14:05,160,0,0,1210.0,1493.0,1546.0,2.0,0.0,0
8515,2024-12-02 10:14:06,160,0,0,1206.0,1494.0,1550.0,2.0,0.0,0
8516,2024-12-02 10:14:06,160,0,0,1209.0,1482.0,1545.0,2.0,0.0,0
8517,2024-12-02 10:14:07,160,0,0,1209.0,1487.0,1545.0,2.0,0.0,0
8518,2024-12-02 10:14:07,160,0,0,1209.0,1485.0,1546.0,2.0,0.0,0
8519,2024-12-02 10:14:08,160,0,0,1211.0,1489.0,1538.0,2.0,0.0,0
8520,2024-12-02 10:14:08,160,0,0,1211.0,1482.0,1542.0,2.0,0.0,0
8521,2024-12-02 10:14:09,160,0,0,1208.0,1483.0,1540.0,2.0,0.0,0
8522,2024-12-02 10:14:09,160,0,0,1210.0,1490.0,1544.0,2.0,0.0,0
8523,2024-12-02 10:14:10,160,0,0,1211.0,1489.0,1542.0,2.0,0.0,0
8524,2024-12-02 10:14:10,160,0,0,1212.0,1491.0,1538.0,2.0,0.0,0
8525,2024-12-02 10:14:11,160,0,0,1207.0,1488.0,1536.0,2.0,0.0,0
8526,2024-12-02 10:14:11,160,0,0,1208.0,1489.0,1541.0,2.0,0.0,0
8527,2024-12-02 10:14:12,160,0,0,1210.0,1487.0,1539.0,2.0,0.0,0
8528,2024-12-02 10:14:12,160,0,0,1211.0,1487.0,1543.0,2.0,0.0,0
8529,2024-12-02 10:14:13,160,0,0,1208.0,1491.0,1543.0,2.0,0.0,0
8530,2024-12-02 10:14:13,160,0,0,1206.0,1490.0,1538.0,2.0,0.0,0
8531,2024-12-02 10:14:14,160,0,0,1212.0,1492.0,1544.0,2.0,0.0,0
8532,2024-12-02 10:14:14,160,0,0,1208.0,1489.0,1540.0,2.0,0.0,0
8533,2024-12-02 10:14:15,160,0,0,1210.0,1486.0,1540.0,2.0,0.0,0
8534,2024-12-02 10:14:15,160,0,0,1208.0,1488.0,1540.0,2.0,0.0,0
8535,2024-12-02 10:14:21,160,0,0,1513.0,1590.0,1246.0,3.0,0.0,0
8536,2024-12-02 10:14:21,160,0,0,1519.0,1581.0,1244.0,3.0,0.0,0
8537,2024-12-02 10:14:22,160,0,0,1520.0,1589.0,1248.0,3.0,0.0,0
8538,2024-12-02 10:14:22,160,0,0,1504.0,1584.0,1240.0,3.0,0.0,0
8539,2024-12-02 10:14:22,160,0,0,1505.0,1582.0,1274.0,3.0,0.0,0
8540,2024-12-02 10:14:23,160,0,0,1487.0,1599.0,1241.0,3.0,0.0,0
8541,2024-12-02 10:14:24,160,0,0,1497.0,1595.0,1250.0,3.0,0.0,0
8542,2024-12-02 10:14:24,160,0,0,1496.0,1579.0,1241.0,3.0,0.0,0
8543,2024-12-02 10:14:25,160,0,0,1488.0,1604.0,1240.0,3.0,0.0,0
8544,2024-12-02 10:14:25,160,0,0,1484.0,1602.0,1243.0,3.0,0.0,0
8545,2024-12-02 10:14:26,160,0,0,1496.0,1596.0,1251.0,3.0,0.0,0
8546,2024-12-02 10:14:26,160,0,0,1500.0,1608.0,1240.0,3.0,0.0,0
8547,2024-12-02 10:14:27,160,0,0,1498.0,1595.0,1250.0,3.0,0.0,0
8548,2024-12-02 10:14:27,160,0,0,1495.0,1603.0,1246.0,3.0,0.0,0
8549,2024-12-02 10:14:27,160,0,0,1495.0,1599.0,1246.0,3.0,0.0,0
8550,2024-12-02 10:14:28,160,0,0,1496.0,1602.0,1247.0,3.0,0.0,0
8551,2024-12-02 10:14:29,160,0,0,1500.0,1602.0,1255.0,3.0,0.0,0
8552,2024-12-02 10:14:29,160,0,0,1507.0,1596.0,1246.0,3.0,0.0,0
8553,2024-12-02 10:14:30,160,0,0,1502.0,1595.0,1241.0,3.0,0.0,0
8554,2024-12-02 10:14:30,160,0,0,1500.0,1606.0,1255.0,3.0,0.0,0
8555,2024-12-02 10:14:30,160,0,0,1495.0,1598.0,1244.0,3.0,0.0,0
8556,2024-12-02 10:14:31,160,0,0,1501.0,1597.0,1238.0,3.0,0.0,0
8557,2024-12-02 10:14:31,160,0,0,1496.0,1606.0,1248.0,3.0,0.0,0
8558,2024-12-02 10:14:32,160,0,0,1497.0,1604.0,1246.0,3.0,0.0,0
8559,2024-12-02 10:14:33,160,0,0,1493.0,1595.0,1251.0,3.0,0.0,0
8560,2024-12-02 10:14:33,160,0,0,1501.0,1610.0,1250.0,3.0,0.0,0
8561,2024-12-02 10:14:34,160,0,0,1496.0,1603.0,1251.0,3.0,0.0,0
8562,2024-12-02 10:14:34,160,0,0,1498.0,1609.0,1250.0,3.0,0.0,0
8563,2024-12-02 10:14:35,160,0,0,1495.0,1602.0,1251.0,3.0,0.0,0
8564,2024-12-02 10:14:35,160,0,0,1495.0,1603.0,1253.0,3.0,0.0,0
8565,2024-12-02 10:14:36,160,0,0,1497.0,1603.0,1250.0,3.0,0.0,0
8566,2024-12-02 10:14:36,160,0,0,1493.0,1604.0,1247.0,3.0,0.0,0
8567,2024-12-02 10:14:37,160,0,0,1495.0,1598.0,1240.0,3.0,0.0,0
8568,2024-12-02 10:14:37,160,0,0,1495.0,1604.0,1248.0,3.0,0.0,0
8569,2024-12-02 10:14:38,160,0,0,1499.0,1605.0,1251.0,3.0,0.0,0
8570,2024-12-02 10:14:38,160,0,0,1504.0,1599.0,1241.0,3.0,0.0,0
8571,2024-12-02 10:14:39,160,0,0,1501.0,1604.0,1241.0,3.0,0.0,0
8572,2024-12-02 10:14:39,160,0,0,1496.0,1598.0,1241.0,3.0,0.0,0
8573,2024-12-02 10:14:39,160,0,0,1504.0,1597.0,1241.0,3.0,0.0,0
8574,2024-12-02 10:14:40,160,0,0,1502.0,1601.0,1248.0,3.0,0.0,0
8575,2024-12-02 10:14:41,160,0,0,1496.0,1600.0,1247.0,3.0,0.0,0
8576,2024-12-02 10:14:41,160,0,0,1502.0,1605.0,1254.0,3.0,0.0,0
8577,2024-12-02 10:14:42,160,0,0,1495.0,1599.0,1243.0,3.0,0.0,0
8578,2024-12-02 10:14:42,160,0,0,1496.0,1592.0,1247.0,3.0,0.0,0
8579,2024-12-02 10:14:43,160,0,0,1505.0,1591.0,1245.0,3.0,0.0,0
8580,2024-12-02 10:14:43,160,0,0,1502.0,1597.0,1240.0,3.0,0.0,0
8581,2024-12-02 10:14:44,160,0,0,1504.0,1603.0,1243.0,3.0,0.0,0
8582,2024-12-02 10:14:44,160,0,0,1500.0,1599.0,1248.0,3.0,0.0,0
8583,2024-12-02 10:14:45,160,0,0,1505.0,1595.0,1248.0,3.0,0.0,0
8584,2024-12-02 10:14:45,160,0,0,1508.0,1604.0,1252.0,3.0,0.0,0
8585,2024-12-02 10:14:46,160,0,0,1505.0,1596.0,1245.0,3.0,0.0,0
8586,2024-12-02 10:14:46,160,0,0,1501.0,1603.0,1245.0,3.0,0.0,0
8587,2024-12-02 10:14:47,160,0,0,1497.0,1594.0,1240.0,3.0,0.0,0
8588,2024-12-02 10:14:47,160,0,0,1504.0,1595.0,1241.0,3.0,0.0,0
8589,2024-12-02 10:14:48,160,0,0,1504.0,1604.0,1246.0,3.0,0.0,0
8590,2024-12-02 10:14:48,160,0,0,1498.0,1600.0,1245.0,3.0,0.0,0
8591,2024-12-02 10:14:48,160,0,0,1499.0,1598.0,1247.0,3.0,0.0,0
8592,2024-12-02 10:14:49,160,0,0,1503.0,1599.0,1247.0,3.0,0.0,0
8593,2024-12-02 10:14:50,160,0,0,1503.0,1598.0,1240.0,3.0,0.0,0
8594,2024-12-02 10:14:50,160,0,0,1504.0,1597.0,1248.0,3.0,0.0,0
8595,2024-12-02 10:14:51,160,0,0,1503.0,1599.0,1248.0,3.0,0.0,0
8596,2024-12-02 10:14:51,160,0,0,1511.0,1603.0,1243.0,3.0,0.0,0
8597,2024-12-02 10:14:52,160,0,0,1504.0,1595.0,1246.0,3.0,0.0,0
8598,2024-12-02 10:14:52,160,0,0,1505.0,1595.0,1243.0,3.0,0.0,0
8599,2024-12-02 10:14:53,160,0,0,1504.0,1596.0,1251.0,3.0,0.0,0
8600,2024-12-02 10:14:53,160,0,0,1503.0,1604.0,1245.0,3.0,0.0,0
8601,2024-12-02 10:14:54,160,0,0,1507.0,1594.0,1248.0,3.0,0.0,0
8602,2024-12-02 10:14:54,160,0,0,1505.0,1601.0,1240.0,3.0,0.0,0
8603,2024-12-02 10:14:55,160,0,0,1502.0,1597.0,1247.0,3.0,0.0,0
8604,2024-12-02 10:14:55,160,0,0,1508.0,1595.0,1244.0,3.0,0.0,0
8605,2024-12-02 10:14:56,160,0,0,1503.0,1595.0,1246.0,3.0,0.0,0
8606,2024-12-02 10:14:56,160,0,0,1505.0,1596.0,1241.0,3.0,0.0,0
8607,2024-12-02 10:14:57,160,0,0,1508.0,1589.0,1245.0,3.0,0.0,0
8608,2024-12-02 10:14:57,160,0,0,1507.0,1594.0,1246.0,3.0,0.0,0
8609,2024-12-02 10:14:58,160,0,0,1510.0,1589.0,1248.0,3.0,0.0,0
8610,2024-12-02 10:14:58,160,0,0,1504.0,1598.0,1243.0,3.0,0.0,0
8611,2024-12-02 10:14:59,160,0,0,1502.0,1589.0,1240.0,3.0,0.0,0
8612,2024-12-02 10:14:59,160,0,0,1508.0,1594.0,1247.0,3.0,0.0,0
8613,2024-12-02 10:15:00,160,0,0,1509.0,1588.0,1252.0,3.0,0.0,0
8614,2024-12-02 10:15:00,160,0,0,1504.0,1588.0,1238.0,3.0,0.0,0
8615,2024-12-02 10:15:01,160,0,0,1509.0,1586.0,1239.0,3.0,0.0,0
8616,2024-12-02 10:15:01,160,0,0,1510.0,1590.0,1244.0,3.0,0.0,0
8617,2024-12-02 10:15:02,160,0,0,1493.0,1587.0,1241.0,3.0,0.0,0
8618,2024-12-02 10:15:02,160,0,0,1505.0,1568.0,1265.0,3.0,0.0,0
8619,2024-12-02 10:15:03,160,0,0,1503.0,1583.0,1241.0,3.0,0.0,0
8620,2024-12-02 10:15:03,160,0,0,1509.0,1596.0,1254.0,3.0,0.0,0
8621,2024-12-02 10:15:04,160,0,0,1509.0,1590.0,1245.0,3.0,0.0,0
8622,2024-12-02 10:15:04,160,0,0,1500.0,1595.0,1241.0,3.0,0.0,0
8623,2024-12-02 10:15:05,160,0,0,1505.0,1589.0,1239.0,3.0,0.0,0
8624,2024-12-02 10:15:05,160,0,0,1493.0,1585.0,1248.0,3.0,0.0,0
8625,2024-12-02 10:15:06,160,0,0,1515.0,1597.0,1240.0,3.0,0.0,0
8626,2024-12-02 10:15:06,160,0,0,1507.0,1589.0,1241.0,3.0,0.0,0
8627,2024-12-02 10:15:07,160,0,0,1500.0,1589.0,1238.0,3.0,0.0,0
8628,2024-12-02 10:15:07,160,0,0,1510.0,1587.0,1247.0,3.0,0.0,0
8629,2024-12-02 10:15:08,160,0,0,1507.0,1582.0,1246.0,3.0,0.0,0
8630,2024-12-02 10:15:08,160,0,0,1509.0,1591.0,1237.0,3.0,0.0,0
8631,2024-12-02 10:15:09,160,0,0,1511.0,1589.0,1249.0,3.0,0.0,0
8632,2024-12-02 10:15:09,160,0,0,1509.0,1584.0,1249.0,3.0,0.0,0
8633,2024-12-02 10:15:10,160,0,0,1512.0,1594.0,1241.0,3.0,0.0,0
8634,2024-12-02 10:15:10,160,0,0,1511.0,1591.0,1240.0,3.0,0.0,0
8635,2024-12-02 10:15:11,160,0,0,1510.0,1589.0,1233.0,3.0,0.0,0
8636,2024-12-02 10:15:11,160,0,0,1507.0,1588.0,1240.0,3.0,0.0,0
8637,2024-12-02 10:15:12,160,0,0,1511.0,1586.0,1247.0,3.0,0.0,0
8638,2024-12-02 10:15:12,160,0,0,1496.0,1582.0,1241.0,3.0,0.0,0
8639,2024-12-02 10:15:13,160,0,0,1495.0,1581.0,1241.0,3.0,0.0,0
8640,2024-12-02 10:15:13,160,0,0,1502.0,1588.0,1239.0,3.0,0.0,0
8641,2024-12-02 10:15:14,160,0,0,1496.0,1587.0,1239.0,3.0,0.0,0
8642,2024-12-02 10:15:14,160,0,0,1493.0,1588.0,1238.0,3.0,0.0,0
8643,2024-12-02 10:15:15,160,0,0,1490.0,1580.0,1240.0,3.0,0.0,0
8644,2024-12-02 10:15:15,160,0,0,1486.0,1582.0,1236.0,3.0,0.0,0
8645,2024-12-02 10:15:16,160,0,0,1491.0,1588.0,1237.0,3.0,0.0,0
8646,2024-12-02 10:15:16,160,0,0,1501.0,1590.0,1243.0,3.0,0.0,0
8647,2024-12-02 10:15:17,160,0,0,1495.0,1588.0,1239.0,3.0,0.0,0
8648,2024-12-02 10:15:17,160,0,0,1496.0,1592.0,1240.0,3.0,0.0,0
8649,2024-12-02 10:15:18,160,0,0,1489.0,1589.0,1235.0,3.0,0.0,0
8650,2024-12-02 10:15:18,160,0,0,1499.0,1583.0,1243.0,3.0,0.0,0
8651,2024-12-02 10:15:19,160,0,0,1493.0,1583.0,1235.0,3.0,0.0,0
8652,2024-12-02 10:15:19,160,0,0,1504.0,1589.0,1238.0,3.0,0.0,0
8653,2024-12-02 10:15:20,160,0,0,1501.0,1582.0,1244.0,3.0,0.0,0
8654,2024-12-02 10:15:20,160,0,0,1493.0,1581.0,1240.0,3.0,0.0,0
8655,2024-12-02 10:15:21,160,0,0,1496.0,1590.0,1236.0,3.0,0.0,0
8656,2024-12-02 10:15:21,160,0,0,1498.0,1583.0,1241.0,3.0,0.0,0
8657,2024-12-02 10:15:22,160,0,0,1494.0,1585.0,1241.0,3.0,0.0,0
8658,2024-12-02 10:15:22,160,0,0,1494.0,1586.0,1244.0,3.0,0.0,0
8659,2024-12-02 10:15:23,160,0,0,1499.0,1581.0,1241.0,3.0,0.0,0
8660,2024-12-02 10:15:23,160,0,0,1498.0,1587.0,1243.0,3.0,0.0,0
8661,2024-12-02 10:15:24,160,0,0,1495.0,1592.0,1233.0,3.0,0.0,0
8662,2024-12-02 10:15:24,160,0,0,1494.0,1584.0,1239.0,3.0,0.0,0
8663,2024-12-02 10:15:25,160,0,0,1498.0,1586.0,1240.0,3.0,0.0,0
8664,2024-12-02 10:15:25,160,0,0,1494.0,1577.0,1243.0,3.0,0.0,0
8665,2024-12-02 10:15:26,160,0,0,1490.0,1583.0,1236.0,3.0,0.0,0
8666,2024-12-02 10:15:26,160,0,0,1495.0,1584.0,1242.0,3.0,0.0,0
8667,2024-12-02 10:15:27,160,0,0,1497.0,1582.0,1239.0,3.0,0.0,0
8668,2024-12-02 10:15:27,160,0,0,1499.0,1587.0,1235.0,3.0,0.0,0
8669,2024-12-02 10:15:28,160,0,0,1488.0,1581.0,1244.0,3.0,0.0,0
8670,2024-12-02 10:15:28,160,0,0,1493.0,1584.0,1234.0,3.0,0.0,0
8671,2024-12-02 10:15:29,160,0,0,1495.0,1583.0,1245.0,3.0,0.0,0
8672,2024-12-02 10:15:29,160,0,0,1500.0,1581.0,1241.0,3.0,0.0,0
8673,2024-12-02 10:15:30,160,0,0,1493.0,1582.0,1236.0,3.0,0.0,0
8674,2024-12-02 10:15:30,160,0,0,1495.0,1589.0,1235.0,3.0,0.0,0
8675,2024-12-02 10:15:31,160,0,0,1497.0,1583.0,1244.0,3.0,0.0,0
8676,2024-12-02 10:15:31,160,0,0,1489.0,1581.0,1238.0,3.0,0.0,0
8677,2024-12-02 10:15:32,160,0,0,1498.0,1589.0,1237.0,3.0,0.0,0
8678,2024-12-02 10:15:32,160,0,0,1495.0,1584.0,1242.0,3.0,0.0,0
8679,2024-12-02 10:15:33,160,0,0,1497.0,1582.0,1241.0,3.0,0.0,0
8680,2024-12-02 10:15:33,160,0,0,1505.0,1587.0,1237.0,3.0,0.0,0
8681,2024-12-02 10:15:34,160,0,0,1501.0,1582.0,1244.0,3.0,0.0,0
8682,2024-12-02 10:15:34,160,0,0,1501.0,1580.0,1243.0,3.0,0.0,0
8683,2024-12-02 10:15:35,160,0,0,1493.0,1584.0,1239.0,3.0,0.0,0
8684,2024-12-02 10:15:35,160,0,0,1499.0,1580.0,1243.0,3.0,0.0,0
8685,2024-12-02 10:15:36,160,0,0,1498.0,1581.0,1242.0,3.0,0.0,0
8686,2024-12-02 10:15:36,160,0,0,1503.0,1589.0,1244.0,3.0,0.0,0
8687,2024-12-02 10:15:37,160,0,0,1498.0,1586.0,1245.0,3.0,0.0,0
8688,2024-12-02 10:15:37,160,0,0,1497.0,1589.0,1240.0,3.0,0.0,0
8689,2024-12-02 10:15:38,160,0,0,1504.0,1586.0,1249.0,3.0,0.0,0
8690,2024-12-02 10:15:38,160,0,0,1497.0,1589.0,1236.0,3.0,0.0,0
8691,2024-12-02 10:15:39,160,0,0,1502.0,1588.0,1238.0,3.0,0.0,0
8692,2024-12-02 10:15:39,160,0,0,1496.0,1589.0,1238.0,3.0,0.0,0
8693,2024-12-02 10:15:40,160,0,0,1504.0,1581.0,1240.0,3.0,0.0,0
8694,2024-12-02 10:15:40,160,0,0,1504.0,1575.0,1245.0,3.0,0.0,0
8695,2024-12-02 10:15:41,160,0,0,1493.0,1586.0,1235.0,3.0,0.0,0
8696,2024-12-02 10:15:41,160,0,0,1498.0,1579.0,1241.0,3.0,0.0,0
8697,2024-12-02 10:15:42,160,0,0,1494.0,1579.0,1237.0,3.0,0.0,0
8698,2024-12-02 10:15:42,160,0,0,1498.0,1585.0,1239.0,3.0,0.0,0
8699,2024-12-02 10:15:43,160,0,0,1497.0,1580.0,1237.0,3.0,0.0,0
8700,2024-12-02 10:15:43,160,0,0,1492.0,1573.0,1244.0,3.0,0.0,0
8701,2024-12-02 10:15:44,160,0,0,1493.0,1576.0,1241.0,3.0,0.0,0
8702,2024-12-02 10:15:44,160,0,0,1502.0,1582.0,1243.0,3.0,0.0,0
8703,2024-12-02 10:15:45,160,0,0,1493.0,1585.0,1238.0,3.0,0.0,0
8704,2024-12-02 10:15:45,160,0,0,1498.0,1575.0,1241.0,3.0,0.0,0
8705,2024-12-02 10:15:46,160,0,0,1498.0,1580.0,1233.0,3.0,0.0,0
8706,2024-12-02 10:15:46,160,0,0,1500.0,1588.0,1230.0,3.0,0.0,0
8707,2024-12-02 10:15:47,160,0,0,1495.0,1575.0,1242.0,3.0,0.0,0
8708,2024-12-02 10:15:47,160,0,0,1504.0,1587.0,1240.0,3.0,0.0,0
8709,2024-12-02 10:15:48,160,0,0,1511.0,1584.0,1245.0,3.0,0.0,0
8710,2024-12-02 10:15:48,160,0,0,1504.0,1588.0,1241.0,3.0,0.0,0
8711,2024-12-02 10:15:49,160,0,0,1502.0,1581.0,1241.0,3.0,0.0,0
8712,2024-12-02 10:15:49,160,0,0,1501.0,1586.0,1239.0,3.0,0.0,0
8713,2024-12-02 10:15:50,160,0,0,1501.0,1582.0,1245.0,3.0,0.0,0
8714,2024-12-02 10:15:50,160,0,0,1501.0,1583.0,1236.0,3.0,0.0,0
8715,2024-12-02 10:15:51,160,0,0,1502.0,1583.0,1236.0,3.0,0.0,0
8716,2024-12-02 10:15:51,160,0,0,1496.0,1583.0,1245.0,3.0,0.0,0
8717,2024-12-02 10:15:52,160,0,0,1506.0,1583.0,1248.0,3.0,0.0,0
8718,2024-12-02 10:15:52,160,0,0,1500.0,1579.0,1251.0,3.0,0.0,0
8719,2024-12-02 10:15:53,160,0,0,1502.0,1583.0,1249.0,3.0,0.0,0
8720,2024-12-02 10:15:53,160,0,0,1499.0,1584.0,1236.0,3.0,0.0,0
8721,2024-12-02 10:15:54,160,0,0,1502.0,1575.0,1239.0,3.0,0.0,0
8722,2024-12-02 10:15:54,160,0,0,1498.0,1589.0,1244.0,3.0,0.0,0
8723,2024-12-02 10:15:55,160,0,0,1501.0,1577.0,1247.0,3.0,0.0,0
8724,2024-12-02 10:15:55,160,0,0,1500.0,1586.0,1238.0,3.0,0.0,0
8725,2024-12-02 10:15:56,160,0,0,1500.0,1575.0,1242.0,3.0,0.0,0
8726,2024-12-02 10:15:56,160,0,0,1504.0,1578.0,1239.0,3.0,0.0,0
8727,2024-12-02 10:15:57,160,0,0,1501.0,1575.0,1241.0,3.0,0.0,0
8728,2024-12-02 10:15:57,160,0,0,1504.0,1589.0,1238.0,3.0,0.0,0
8729,2024-12-02 10:15:58,160,0,0,1502.0,1588.0,1237.0,3.0,0.0,0
8730,2024-12-02 10:15:58,160,0,0,1501.0,1584.0,1238.0,3.0,0.0,0
8731,2024-12-02 10:15:59,160,0,0,1504.0,1585.0,1233.0,3.0,0.0,0
8732,2024-12-02 10:15:59,160,0,0,1504.0,1584.0,1230.0,3.0,0.0,0
8733,2024-12-02 10:16:00,160,0,0,1500.0,1583.0,1241.0,3.0,0.0,0
8734,2024-12-02 10:16:00,160,0,0,1509.0,1588.0,1243.0,3.0,0.0,0
8735,2024-12-02 10:16:01,160,0,0,1502.0,1585.0,1237.0,3.0,0.0,0
8736,2024-12-02 10:16:01,160,0,0,1495.0,1581.0,1244.0,3.0,0.0,0
8737,2024-12-02 10:16:02,160,0,0,1506.0,1589.0,1244.0,3.0,0.0,0
8738,2024-12-02 10:16:02,160,0,0,1495.0,1584.0,1242.0,3.0,0.0,0
8739,2024-12-02 10:16:03,160,0,0,1496.0,1585.0,1239.0,3.0,0.0,0
8740,2024-12-02 10:16:03,160,0,0,1509.0,1577.0,1243.0,3.0,0.0,0
8741,2024-12-02 10:16:04,160,0,0,1493.0,1585.0,1238.0,3.0,0.0,0
8742,2024-12-02 10:16:04,160,0,0,1499.0,1578.0,1241.0,3.0,0.0,0
8743,2024-12-02 10:16:05,160,0,0,1499.0,1585.0,1241.0,3.0,0.0,0
8744,2024-12-02 10:16:05,160,0,0,1511.0,1584.0,1248.0,3.0,0.0,0
8745,2024-12-02 10:16:06,160,0,0,1507.0,1579.0,1239.0,3.0,0.0,0
8746,2024-12-02 10:16:06,160,0,0,1506.0,1574.0,1238.0,3.0,0.0,0
8747,2024-12-02 10:16:07,160,0,0,1500.0,1578.0,1240.0,3.0,0.0,0
8748,2024-12-02 10:16:07,160,0,0,1501.0,1582.0,1244.0,3.0,0.0,0
8749,2024-12-02 10:16:08,160,0,0,1496.0,1580.0,1237.0,3.0,0.0,0
8750,2024-12-02 10:16:08,160,0,0,1499.0,1587.0,1242.0,3.0,0.0,0
8751,2024-12-02 10:16:09,160,0,0,1511.0,1583.0,1239.0,3.0,0.0,0
8752,2024-12-02 10:16:09,160,0,0,1504.0,1579.0,1235.0,3.0,0.0,0
8753,2024-12-02 10:16:14,160,0,0,1800.0,1498.0,1497.0,4.0,0.0,0
8754,2024-12-02 10:16:15,160,0,0,1803.0,1495.0,1497.0,4.0,0.0,0
8755,2024-12-02 10:16:15,160,0,0,1800.0,1499.0,1498.0,4.0,0.0,0
8756,2024-12-02 10:16:16,160,0,0,1807.0,1493.0,1503.0,4.0,0.0,0
8757,2024-12-02 10:16:16,160,0,0,1800.0,1499.0,1498.0,4.0,0.0,0
8758,2024-12-02 10:16:17,160,0,0,1800.0,1495.0,1501.0,4.0,0.0,0
8759,2024-12-02 10:16:17,160,0,0,1803.0,1496.0,1493.0,4.0,0.0,0
8760,2024-12-02 10:16:18,160,0,0,1802.0,1494.0,1500.0,4.0,0.0,0
8761,2024-12-02 10:16:18,160,0,0,1800.0,1499.0,1505.0,4.0,0.0,0
8762,2024-12-02 10:16:19,160,0,0,1802.0,1496.0,1491.0,4.0,0.0,0
8763,2024-12-02 10:16:19,160,0,0,1807.0,1498.0,1502.0,4.0,0.0,0
8764,2024-12-02 10:16:20,160,0,0,1800.0,1494.0,1505.0,4.0,0.0,0
8765,2024-12-02 10:16:20,160,0,0,1801.0,1493.0,1501.0,4.0,0.0,0
8766,2024-12-02 10:16:21,160,0,0,1805.0,1495.0,1500.0,4.0,0.0,0
8767,2024-12-02 10:16:21,160,0,0,1800.0,1493.0,1495.0,4.0,0.0,0
8768,2024-12-02 10:16:22,160,0,0,1808.0,1493.0,1504.0,4.0,0.0,0
8769,2024-12-02 10:16:22,160,0,0,1803.0,1497.0,1493.0,4.0,0.0,0
8770,2024-12-02 10:16:23,160,0,0,1798.0,1500.0,1493.0,4.0,0.0,0
8771,2024-12-02 10:16:23,160,0,0,1800.0,1498.0,1494.0,4.0,0.0,0
8772,2024-12-02 10:16:24,160,0,0,1804.0,1500.0,1490.0,4.0,0.0,0
8773,2024-12-02 10:16:24,160,0,0,1807.0,1497.0,1495.0,4.0,0.0,0
8774,2024-12-02 10:16:25,160,0,0,1805.0,1497.0,1502.0,4.0,0.0,0
8775,2024-12-02 10:16:25,160,0,0,1800.0,1497.0,1498.0,4.0,0.0,0
8776,2024-12-02 10:16:26,160,0,0,1807.0,1495.0,1501.0,4.0,0.0,0
8777,2024-12-02 10:16:26,160,0,0,1806.0,1489.0,1500.0,4.0,0.0,0
8778,2024-12-02 10:16:27,160,0,0,1803.0,1493.0,1493.0,4.0,0.0,0
8779,2024-12-02 10:16:27,160,0,0,1805.0,1493.0,1497.0,4.0,0.0,0
8780,2024-12-02 10:16:28,160,0,0,1800.0,1495.0,1493.0,4.0,0.0,0
8781,2024-12-02 10:16:28,160,0,0,1797.0,1497.0,1494.0,4.0,0.0,0
8782,2024-12-02 10:16:29,160,0,0,1806.0,1497.0,1497.0,4.0,0.0,0
8783,2024-12-02 10:16:29,160,0,0,1800.0,1496.0,1502.0,4.0,0.0,0
8784,2024-12-02 10:16:30,160,0,0,1801.0,1500.0,1498.0,4.0,0.0,0
8785,2024-12-02 10:16:30,160,0,0,1807.0,1498.0,1494.0,4.0,0.0,0
8786,2024-12-02 10:16:31,160,0,0,1805.0,1490.0,1493.0,4.0,0.0,0
8787,2024-12-02 10:16:31,160,0,0,1802.0,1500.0,1492.0,4.0,0.0,0
8788,2024-12-02 10:16:32,160,0,0,1800.0,1495.0,1495.0,4.0,0.0,0
8789,2024-12-02 10:16:32,160,0,0,1802.0,1495.0,1500.0,4.0,0.0,0
8790,2024-12-02 10:16:33,160,0,0,1802.0,1504.0,1501.0,4.0,0.0,0
8791,2024-12-02 10:16:33,160,0,0,1800.0,1496.0,1490.0,4.0,0.0,0
8792,2024-12-02 10:16:34,160,0,0,1803.0,1495.0,1497.0,4.0,0.0,0
8793,2024-12-02 10:16:34,160,0,0,1803.0,1501.0,1499.0,4.0,0.0,0
8794,2024-12-02 10:16:35,160,0,0,1802.0,1495.0,1493.0,4.0,0.0,0
8795,2024-12-02 10:16:35,160,0,0,1800.0,1498.0,1496.0,4.0,0.0,0
8796,2024-12-02 10:16:36,160,0,0,1802.0,1501.0,1497.0,4.0,0.0,0
8797,2024-12-02 10:16:36,160,0,0,1804.0,1495.0,1499.0,4.0,0.0,0
8798,2024-12-02 10:16:37,160,0,0,1800.0,1495.0,1495.0,4.0,0.0,0
8799,2024-12-02 10:16:37,160,0,0,1804.0,1491.0,1499.0,4.0,0.0,0
8800,2024-12-02 10:16:38,160,0,0,1800.0,1491.0,1499.0,4.0,0.0,0
8801,2024-12-02 10:16:38,160,0,0,1803.0,1499.0,1497.0,4.0,0.0,0
8802,2024-12-02 10:16:39,160,0,0,1800.0,1497.0,1497.0,4.0,0.0,0
8803,2024-12-02 10:16:39,160,0,0,1803.0,1500.0,1493.0,4.0,0.0,0
8804,2024-12-02 10:16:40,160,0,0,1801.0,1495.0,1502.0,4.0,0.0,0
8805,2024-12-02 10:16:40,160,0,0,1805.0,1496.0,1495.0,4.0,0.0,0
8806,2024-12-02 10:16:41,160,0,0,1800.0,1491.0,1498.0,4.0,0.0,0
8807,2024-12-02 10:16:41,160,0,0,1804.0,1495.0,1496.0,4.0,0.0,0
8808,2024-12-02 10:16:42,160,0,0,1800.0,1496.0,1496.0,4.0,0.0,0
8809,2024-12-02 10:16:42,160,0,0,1799.0,1496.0,1497.0,4.0,0.0,0
8810,2024-12-02 10:16:43,160,0,0,1801.0,1493.0,1498.0,4.0,0.0,0
8811,2024-12-02 10:16:43,160,0,0,1800.0,1495.0,1496.0,4.0,0.0,0
8812,2024-12-02 10:16:44,160,0,0,1800.0,1495.0,1492.0,4.0,0.0,0
8813,2024-12-02 10:16:44,160,0,0,1800.0,1493.0,1495.0,4.0,0.0,0
8814,2024-12-02 10:16:45,160,0,0,1800.0,1493.0,1502.0,4.0,0.0,0
8815,2024-12-02 10:16:45,160,0,0,1800.0,1497.0,1493.0,4.0,0.0,0
8816,2024-12-02 10:16:46,160,0,0,1802.0,1497.0,1504.0,4.0,0.0,0
8817,2024-12-02 10:16:46,160,0,0,1800.0,1497.0,1496.0,4.0,0.0,0
8818,2024-12-02 10:16:47,160,0,0,1801.0,1494.0,1502.0,4.0,0.0,0
8819,2024-12-02 10:16:47,160,0,0,1800.0,1493.0,1493.0,4.0,0.0,0
8820,2024-12-02 10:16:48,160,0,0,1807.0,1491.0,1499.0,4.0,0.0,0
8821,2024-12-02 10:16:48,160,0,0,1800.0,1498.0,1497.0,4.0,0.0,0
8822,2024-12-02 10:16:49,160,0,0,1802.0,1504.0,1496.0,4.0,0.0,0
8823,2024-12-02 10:16:49,160,0,0,1803.0,1496.0,1498.0,4.0,0.0,0
8824,2024-12-02 10:16:50,160,0,0,1799.0,1496.0,1496.0,4.0,0.0,0
8825,2024-12-02 10:16:50,160,0,0,1807.0,1496.0,1501.0,4.0,0.0,0
8826,2024-12-02 10:16:51,160,0,0,1807.0,1493.0,1496.0,4.0,0.0,0
8827,2024-12-02 10:16:51,160,0,0,1801.0,1501.0,1494.0,4.0,0.0,0
8828,2024-12-02 10:16:52,160,0,0,1806.0,1496.0,1500.0,4.0,0.0,0
8829,2024-12-02 10:16:52,160,0,0,1800.0,1495.0,1495.0,4.0,0.0,0
8830,2024-12-02 10:16:53,160,0,0,1800.0,1493.0,1499.0,4.0,0.0,0
8831,2024-12-02 10:16:53,160,0,0,1804.0,1494.0,1493.0,4.0,0.0,0
8832,2024-12-02 10:16:54,160,0,0,1802.0,1493.0,1498.0,4.0,0.0,0
8833,2024-12-02 10:16:54,160,0,0,1802.0,1489.0,1498.0,4.0,0.0,0
8834,2024-12-02 10:16:55,160,0,0,1803.0,1495.0,1501.0,4.0,0.0,0
8835,2024-12-02 10:16:55,160,0,0,1800.0,1502.0,1496.0,4.0,0.0,0
8836,2024-12-02 10:16:56,160,0,0,1801.0,1495.0,1497.0,4.0,0.0,0
8837,2024-12-02 10:16:56,160,0,0,1798.0,1494.0,1501.0,4.0,0.0,0
8838,2024-12-02 10:16:57,160,0,0,1802.0,1504.0,1501.0,4.0,0.0,0
8839,2024-12-02 10:16:57,160,0,0,1800.0,1496.0,1494.0,4.0,0.0,0
8840,2024-12-02 10:16:58,160,0,0,1799.0,1494.0,1498.0,4.0,0.0,0
8841,2024-12-02 10:16:58,160,0,0,1801.0,1497.0,1496.0,4.0,0.0,0
8842,2024-12-02 10:16:59,160,0,0,1801.0,1497.0,1499.0,4.0,0.0,0
8843,2024-12-02 10:16:59,160,0,0,1806.0,1495.0,1502.0,4.0,0.0,0
8844,2024-12-02 10:17:00,160,0,0,1805.0,1496.0,1500.0,4.0,0.0,0
8845,2024-12-02 10:17:00,160,0,0,1802.0,1498.0,1504.0,4.0,0.0,0
8846,2024-12-02 10:17:01,160,0,0,1800.0,1497.0,1505.0,4.0,0.0,0
8847,2024-12-02 10:17:01,160,0,0,1807.0,1496.0,1496.0,4.0,0.0,0
8848,2024-12-02 10:17:02,160,0,0,1801.0,1495.0,1499.0,4.0,0.0,0
8849,2024-12-02 10:17:02,160,0,0,1800.0,1493.0,1499.0,4.0,0.0,0
8850,2024-12-02 10:17:03,160,0,0,1806.0,1494.0,1496.0,4.0,0.0,0
8851,2024-12-02 10:17:03,160,0,0,1802.0,1497.0,1497.0,4.0,0.0,0
8852,2024-12-02 10:17:04,160,0,0,1804.0,1493.0,1496.0,4.0,0.0,0
8853,2024-12-02 10:17:04,160,0,0,1801.0,1494.0,1497.0,4.0,0.0,0
8854,2024-12-02 10:17:05,160,0,0,1802.0,1498.0,1494.0,4.0,0.0,0
8855,2024-12-02 10:17:05,160,0,0,1806.0,1504.0,1504.0,4.0,0.0,0
8856,2024-12-02 10:17:06,160,0,0,1800.0,1497.0,1504.0,4.0,0.0,0
8857,2024-12-02 10:17:06,160,0,0,1804.0,1486.0,1499.0,4.0,0.0,0
8858,2024-12-02 10:17:07,160,0,0,1800.0,1495.0,1497.0,4.0,0.0,0
8859,2024-12-02 10:17:07,160,0,0,1802.0,1499.0,1501.0,4.0,0.0,0
8860,2024-12-02 10:17:08,160,0,0,1802.0,1504.0,1498.0,4.0,0.0,0
8861,2024-12-02 10:17:08,160,0,0,1802.0,1497.0,1497.0,4.0,0.0,0
8862,2024-12-02 10:17:09,160,0,0,1800.0,1496.0,1495.0,4.0,0.0,0
8863,2024-12-02 10:17:09,160,0,0,1805.0,1496.0,1491.0,4.0,0.0,0
8864,2024-12-02 10:17:10,160,0,0,1801.0,1495.0,1498.0,4.0,0.0,0
8865,2024-12-02 10:17:10,160,0,0,1800.0,1496.0,1493.0,4.0,0.0,0
8866,2024-12-02 10:17:11,160,0,0,1808.0,1493.0,1503.0,4.0,0.0,0
8867,2024-12-02 10:17:11,160,0,0,1803.0,1498.0,1495.0,4.0,0.0,0
8868,2024-12-02 10:17:12,160,0,0,1804.0,1499.0,1501.0,4.0,0.0,0
8869,2024-12-02 10:17:12,160,0,0,1805.0,1495.0,1502.0,4.0,0.0,0
8870,2024-12-02 10:17:13,160,0,0,1805.0,1497.0,1496.0,4.0,0.0,0
8871,2024-12-02 10:17:13,160,0,0,1805.0,1493.0,1498.0,4.0,0.0,0
8872,2024-12-02 10:17:14,160,0,0,1800.0,1498.0,1496.0,4.0,0.0,0
8873,2024-12-02 10:17:14,160,0,0,1801.0,1498.0,1500.0,4.0,0.0,0
8874,2024-12-02 10:17:15,160,0,0,1807.0,1497.0,1504.0,4.0,0.0,0
8875,2024-12-02 10:17:15,160,0,0,1801.0,1494.0,1499.0,4.0,0.0,0
8876,2024-12-02 10:17:16,160,0,0,1804.0,1493.0,1502.0,4.0,0.0,0
8877,2024-12-02 10:17:16,160,0,0,1804.0,1499.0,1496.0,4.0,0.0,0
8878,2024-12-02 10:17:17,160,0,0,1807.0,1493.0,1499.0,4.0,0.0,0
8879,2024-12-02 10:17:17,160,0,0,1805.0,1490.0,1504.0,4.0,0.0,0
8880,2024-12-02 10:17:18,160,0,0,1800.0,1495.0,1504.0,4.0,0.0,0
8881,2024-12-02 10:17:18,160,0,0,1801.0,1497.0,1497.0,4.0,0.0,0
8882,2024-12-02 10:17:19,160,0,0,1803.0,1495.0,1497.0,4.0,0.0,0
8883,2024-12-02 10:17:19,160,0,0,1807.0,1494.0,1495.0,4.0,0.0,0
8884,2024-12-02 10:17:20,160,0,0,1800.0,1493.0,1498.0,4.0,0.0,0
8885,2024-12-02 10:17:20,160,0,0,1801.0,1492.0,1496.0,4.0,0.0,0
8886,2024-12-02 10:17:21,160,0,0,1800.0,1497.0,1503.0,4.0,0.0,0
8887,2024-12-02 10:17:21,160,0,0,1803.0,1495.0,1500.0,4.0,0.0,0
8888,2024-12-02 10:17:22,160,0,0,1800.0,1500.0,1500.0,4.0,0.0,0
8889,2024-12-02 10:17:22,160,0,0,1805.0,1495.0,1496.0,4.0,0.0,0
8890,2024-12-02 10:17:23,160,0,0,1803.0,1500.0,1498.0,4.0,0.0,0
8891,2024-12-02 10:17:23,160,0,0,1810.0,1495.0,1508.0,4.0,0.0,0
8892,2024-12-02 10:17:24,160,0,0,1807.0,1498.0,1500.0,4.0,0.0,0
8893,2024-12-02 10:17:24,160,0,0,1800.0,1493.0,1497.0,4.0,0.0,0
8894,2024-12-02 10:17:25,160,0,0,1800.0,1491.0,1499.0,4.0,0.0,0
8895,2024-12-02 10:17:25,160,0,0,1800.0,1497.0,1499.0,4.0,0.0,0
8896,2024-12-02 10:17:26,160,0,0,1801.0,1494.0,1497.0,4.0,0.0,0
8897,2024-12-02 10:17:26,160,0,0,1800.0,1491.0,1499.0,4.0,0.0,0
8898,2024-12-02 10:17:27,160,0,0,1803.0,1495.0,1496.0,4.0,0.0,0
8899,2024-12-02 10:17:27,160,0,0,1802.0,1494.0,1502.0,4.0,0.0,0
8900,2024-12-02 10:17:28,160,0,0,1801.0,1497.0,1498.0,4.0,0.0,0
8901,2024-12-02 10:17:28,160,0,0,1800.0,1492.0,1498.0,4.0,0.0,0
8902,2024-12-02 10:17:29,160,0,0,1802.0,1493.0,1493.0,4.0,0.0,0
8903,2024-12-02 10:17:29,160,0,0,1800.0,1493.0,1502.0,4.0,0.0,0
8904,2024-12-02 10:17:30,160,0,0,1800.0,1495.0,1502.0,4.0,0.0,0
8905,2024-12-02 10:17:30,160,0,0,1807.0,1495.0,1496.0,4.0,0.0,0
8906,2024-12-02 10:17:31,160,0,0,1802.0,1490.0,1496.0,4.0,0.0,0
8907,2024-12-02 10:17:31,160,0,0,1807.0,1493.0,1502.0,4.0,0.0,0
8908,2024-12-02 10:17:32,160,0,0,1804.0,1497.0,1501.0,4.0,0.0,0
8909,2024-12-02 10:17:32,160,0,0,1805.0,1491.0,1501.0,4.0,0.0,0
8910,2024-12-02 10:17:33,160,0,0,1805.0,1497.0,1504.0,4.0,0.0,0
8911,2024-12-02 10:17:33,160,0,0,1800.0,1493.0,1499.0,4.0,0.0,0
8912,2024-12-02 10:17:34,160,0,0,1802.0,1497.0,1502.0,4.0,0.0,0
8913,2024-12-02 10:17:34,160,0,0,1806.0,1495.0,1501.0,4.0,0.0,0
8914,2024-12-02 10:17:35,160,0,0,1799.0,1492.0,1500.0,4.0,0.0,0
8915,2024-12-02 10:17:35,160,0,0,1805.0,1495.0,1504.0,4.0,0.0,0
8916,2024-12-02 10:17:36,160,0,0,1802.0,1501.0,1503.0,4.0,0.0,0
8917,2024-12-02 10:17:36,160,0,0,1804.0,1497.0,1502.0,4.0,0.0,0
8918,2024-12-02 10:17:37,160,0,0,1800.0,1493.0,1504.0,4.0,0.0,0
8919,2024-12-02 10:17:37,160,0,0,1802.0,1497.0,1500.0,4.0,0.0,0
8920,2024-12-02 10:17:38,160,0,0,1800.0,1497.0,1499.0,4.0,0.0,0
8921,2024-12-02 10:17:38,160,0,0,1802.0,1489.0,1504.0,4.0,0.0,0
8922,2024-12-02 10:17:39,160,0,0,1804.0,1493.0,1506.0,4.0,0.0,0
8923,2024-12-02 10:17:39,160,0,0,1800.0,1489.0,1500.0,4.0,0.0,0
8924,2024-12-02 10:17:40,160,0,0,1807.0,1493.0,1502.0,4.0,0.0,0
8925,2024-12-02 10:17:40,160,0,0,1802.0,1498.0,1500.0,4.0,0.0,0
8926,2024-12-02 10:17:41,160,0,0,1806.0,1495.0,1499.0,4.0,0.0,0
8927,2024-12-02 10:17:41,160,0,0,1807.0,1495.0,1500.0,4.0,0.0,0
8928,2024-12-02 10:17:42,160,0,0,1805.0,1496.0,1498.0,4.0,0.0,0
8929,2024-12-02 10:17:42,160,0,0,1801.0,1491.0,1500.0,4.0,0.0,0
8930,2024-12-02 10:17:43,160,0,0,1800.0,1491.0,1500.0,4.0,0.0,0
8931,2024-12-02 10:17:43,160,0,0,1801.0,1489.0,1496.0,4.0,0.0,0
8932,2024-12-02 10:17:44,160,0,0,1800.0,1492.0,1496.0,4.0,0.0,0
8933,2024-12-02 10:17:44,160,0,0,1807.0,1496.0,1501.0,4.0,0.0,0
8934,2024-12-02 10:17:45,160,0,0,1801.0,1492.0,1503.0,4.0,0.0,0
8935,2024-12-02 10:17:45,160,0,0,1807.0,1493.0,1498.0,4.0,0.0,0
8936,2024-12-02 10:17:46,160,0,0,1803.0,1496.0,1501.0,4.0,0.0,0
8937,2024-12-02 10:17:46,160,0,0,1805.0,1501.0,1505.0,4.0,0.0,0
8938,2024-12-02 10:17:47,160,0,0,1805.0,1498.0,1506.0,4.0,0.0,0
8939,2024-12-02 10:17:47,160,0,0,1800.0,1495.0,1500.0,4.0,0.0,0
8940,2024-12-02 10:17:48,160,0,0,1807.0,1492.0,1495.0,4.0,0.0,0
8941,2024-12-02 10:17:48,160,0,0,1801.0,1497.0,1496.0,4.0,0.0,0
8942,2024-12-02 10:17:55,160,0,0,1497.0,1219.0,1411.0,5.0,0.0,0
8943,2024-12-02 10:17:55,160,0,0,1498.0,1215.0,1413.0,5.0,0.0,0
8944,2024-12-02 10:17:56,160,0,0,1501.0,1213.0,1409.0,5.0,0.0,0
8945,2024-12-02 10:17:56,160,0,0,1499.0,1220.0,1412.0,5.0,0.0,0
8946,2024-12-02 10:17:57,160,0,0,1496.0,1216.0,1408.0,5.0,0.0,0
8947,2024-12-02 10:17:57,160,0,0,1505.0,1214.0,1413.0,5.0,0.0,0
8948,2024-12-02 10:17:58,160,0,0,1499.0,1216.0,1405.0,5.0,0.0,0
8949,2024-12-02 10:17:58,160,0,0,1497.0,1214.0,1409.0,5.0,0.0,0
8950,2024-12-02 10:17:59,160,0,0,1492.0,1210.0,1408.0,5.0,0.0,0
8951,2024-12-02 10:17:59,160,0,0,1494.0,1213.0,1411.0,5.0,0.0,0
8952,2024-12-02 10:18:00,160,0,0,1496.0,1212.0,1408.0,5.0,0.0,0
8953,2024-12-02 10:18:00,160,0,0,1497.0,1216.0,1408.0,5.0,0.0,0
8954,2024-12-02 10:18:01,160,0,0,1493.0,1216.0,1411.0,5.0,0.0,0
8955,2024-12-02 10:18:01,160,0,0,1496.0,1215.0,1406.0,5.0,0.0,0
8956,2024-12-02 10:18:02,160,0,0,1498.0,1216.0,1407.0,5.0,0.0,0
8957,2024-12-02 10:18:02,160,0,0,1498.0,1217.0,1405.0,5.0,0.0,0
8958,2024-12-02 10:18:03,160,0,0,1495.0,1213.0,1408.0,5.0,0.0,0
8959,2024-12-02 10:18:03,160,0,0,1495.0,1210.0,1408.0,5.0,0.0,0
8960,2024-12-02 10:18:04,160,0,0,1498.0,1211.0,1410.0,5.0,0.0,0
8961,2024-12-02 10:18:04,160,0,0,1497.0,1218.0,1409.0,5.0,0.0,0
8962,2024-12-02 10:18:05,160,0,0,1495.0,1216.0,1406.0,5.0,0.0,0
8963,2024-12-02 10:18:05,160,0,0,1495.0,1219.0,1408.0,5.0,0.0,0
8964,2024-12-02 10:18:06,160,0,0,1501.0,1210.0,1405.0,5.0,0.0,0
8965,2024-12-02 10:18:06,160,0,0,1495.0,1214.0,1406.0,5.0,0.0,0
8966,2024-12-02 10:18:07,160,0,0,1499.0,1218.0,1408.0,5.0,0.0,0
8967,2024-12-02 10:18:07,160,0,0,1493.0,1216.0,1414.0,5.0,0.0,0
8968,2024-12-02 10:18:08,160,0,0,1496.0,1216.0,1406.0,5.0,0.0,0
8969,2024-12-02 10:18:08,160,0,0,1499.0,1213.0,1406.0,5.0,0.0,0
8970,2024-12-02 10:18:09,160,0,0,1496.0,1213.0,1408.0,5.0,0.0,0
8971,2024-12-02 10:18:09,160,0,0,1494.0,1208.0,1405.0,5.0,0.0,0
8972,2024-12-02 10:18:10,160,0,0,1496.0,1210.0,1408.0,5.0,0.0,0
8973,2024-12-02 10:18:10,160,0,0,1501.0,1215.0,1413.0,5.0,0.0,0
8974,2024-12-02 10:18:11,160,0,0,1501.0,1215.0,1412.0,5.0,0.0,0
8975,2024-12-02 10:18:11,160,0,0,1496.0,1210.0,1408.0,5.0,0.0,0
8976,2024-12-02 10:18:12,160,0,0,1501.0,1217.0,1405.0,5.0,0.0,0
8977,2024-12-02 10:18:12,160,0,0,1499.0,1213.0,1410.0,5.0,0.0,0
8978,2024-12-02 10:18:13,160,0,0,1491.0,1218.0,1413.0,5.0,0.0,0
8979,2024-12-02 10:18:13,160,0,0,1493.0,1217.0,1405.0,5.0,0.0,0
8980,2024-12-02 10:18:14,160,0,0,1496.0,1216.0,1407.0,5.0,0.0,0
8981,2024-12-02 10:18:14,160,0,0,1502.0,1212.0,1410.0,5.0,0.0,0
8982,2024-12-02 10:18:15,160,0,0,1496.0,1215.0,1408.0,5.0,0.0,0
8983,2024-12-02 10:18:15,160,0,0,1499.0,1216.0,1408.0,5.0,0.0,0
8984,2024-12-02 10:18:16,160,0,0,1496.0,1218.0,1411.0,5.0,0.0,0
8985,2024-12-02 10:18:16,160,0,0,1498.0,1216.0,1407.0,5.0,0.0,0
8986,2024-12-02 10:18:17,160,0,0,1501.0,1214.0,1401.0,5.0,0.0,0
8987,2024-12-02 10:18:17,160,0,0,1495.0,1216.0,1414.0,5.0,0.0,0
8988,2024-12-02 10:18:18,160,0,0,1495.0,1217.0,1409.0,5.0,0.0,0
8989,2024-12-02 10:18:18,160,0,0,1504.0,1216.0,1409.0,5.0,0.0,0
8990,2024-12-02 10:18:19,160,0,0,1496.0,1216.0,1408.0,5.0,0.0,0
8991,2024-12-02 10:18:19,160,0,0,1497.0,1221.0,1405.0,5.0,0.0,0
8992,2024-12-02 10:18:20,160,0,0,1498.0,1216.0,1407.0,5.0,0.0,0
8993,2024-12-02 10:18:20,160,0,0,1495.0,1214.0,1408.0,5.0,0.0,0
8994,2024-12-02 10:18:21,160,0,0,1504.0,1216.0,1408.0,5.0,0.0,0
8995,2024-12-02 10:18:21,160,0,0,1498.0,1219.0,1407.0,5.0,0.0,0
8996,2024-12-02 10:18:22,160,0,0,1497.0,1218.0,1409.0,5.0,0.0,0
8997,2024-12-02 10:18:22,160,0,0,1496.0,1212.0,1407.0,5.0,0.0,0
8998,2024-12-02 10:18:23,160,0,0,1504.0,1212.0,1413.0,5.0,0.0,0
8999,2024-12-02 10:18:23,160,0,0,1499.0,1212.0,1408.0,5.0,0.0,0
9000,2024-12-02 10:18:24,160,0,0,1497.0,1218.0,1404.0,5.0,0.0,0
9001,2024-12-02 10:18:24,160,0,0,1500.0,1212.0,1408.0,5.0,0.0,0
9002,2024-12-02 10:18:25,160,0,0,1500.0,1218.0,1403.0,5.0,0.0,0
9003,2024-12-02 10:18:25,160,0,0,1497.0,1220.0,1406.0,5.0,0.0,0
9004,2024-12-02 10:18:26,160,0,0,1498.0,1223.0,1406.0,5.0,0.0,0
9005,2024-12-02 10:18:26,160,0,0,1499.0,1216.0,1403.0,5.0,0.0,0
9006,2024-12-02 10:18:27,160,0,0,1500.0,1213.0,1406.0,5.0,0.0,0
9007,2024-12-02 10:18:27,160,0,0,1489.0,1214.0,1413.0,5.0,0.0,0
9008,2024-12-02 10:18:28,160,0,0,1499.0,1208.0,1412.0,5.0,0.0,0
9009,2024-12-02 10:18:28,160,0,0,1499.0,1214.0,1407.0,5.0,0.0,0
9010,2024-12-02 10:18:29,160,0,0,1496.0,1217.0,1415.0,5.0,0.0,0
9011,2024-12-02 10:18:29,160,0,0,1500.0,1216.0,1407.0,5.0,0.0,0
9012,2024-12-02 10:18:30,160,0,0,1500.0,1217.0,1413.0,5.0,0.0,0
9013,2024-12-02 10:18:30,160,0,0,1495.0,1215.0,1407.0,5.0,0.0,0
9014,2024-12-02 10:18:31,160,0,0,1501.0,1214.0,1406.0,5.0,0.0,0
9015,2024-12-02 10:18:31,160,0,0,1499.0,1223.0,1407.0,5.0,0.0,0
9016,2024-12-02 10:18:32,160,0,0,1504.0,1219.0,1414.0,5.0,0.0,0
9017,2024-12-02 10:18:32,160,0,0,1501.0,1211.0,1406.0,5.0,0.0,0
9018,2024-12-02 10:18:33,160,0,0,1497.0,1213.0,1408.0,5.0,0.0,0
9019,2024-12-02 10:18:33,160,0,0,1496.0,1216.0,1409.0,5.0,0.0,0
9020,2024-12-02 10:18:34,160,0,0,1493.0,1218.0,1408.0,5.0,0.0,0
9021,2024-12-02 10:18:34,160,0,0,1499.0,1213.0,1411.0,5.0,0.0,0
9022,2024-12-02 10:18:35,160,0,0,1496.0,1216.0,1410.0,5.0,0.0,0
9023,2024-12-02 10:18:35,160,0,0,1497.0,1213.0,1412.0,5.0,0.0,0
9024,2024-12-02 10:18:36,160,0,0,1501.0,1212.0,1410.0,5.0,0.0,0
9025,2024-12-02 10:18:36,160,0,0,1497.0,1219.0,1413.0,5.0,0.0,0
9026,2024-12-02 10:18:37,160,0,0,1500.0,1212.0,1407.0,5.0,0.0,0
9027,2024-12-02 10:18:37,160,0,0,1504.0,1208.0,1408.0,5.0,0.0,0
9028,2024-12-02 10:18:38,160,0,0,1504.0,1210.0,1411.0,5.0,0.0,0
9029,2024-12-02 10:18:38,160,0,0,1495.0,1212.0,1406.0,5.0,0.0,0
9030,2024-12-02 10:18:39,160,0,0,1495.0,1218.0,1408.0,5.0,0.0,0
9031,2024-12-02 10:18:39,160,0,0,1495.0,1216.0,1412.0,5.0,0.0,0
9032,2024-12-02 10:18:40,160,0,0,1495.0,1210.0,1407.0,5.0,0.0,0
9033,2024-12-02 10:18:40,160,0,0,1493.0,1222.0,1415.0,5.0,0.0,0
9034,2024-12-02 10:18:41,160,0,0,1504.0,1211.0,1405.0,5.0,0.0,0
9035,2024-12-02 10:18:41,160,0,0,1498.0,1215.0,1410.0,5.0,0.0,0
9036,2024-12-02 10:18:42,160,0,0,1501.0,1212.0,1409.0,5.0,0.0,0
9037,2024-12-02 10:18:42,160,0,0,1504.0,1219.0,1409.0,5.0,0.0,0
9038,2024-12-02 10:18:43,160,0,0,1497.0,1217.0,1405.0,5.0,0.0,0
9039,2024-12-02 10:18:43,160,0,0,1499.0,1212.0,1410.0,5.0,0.0,0
9040,2024-12-02 10:18:44,160,0,0,1496.0,1215.0,1408.0,5.0,0.0,0
9041,2024-12-02 10:18:44,160,0,0,1497.0,1216.0,1415.0,5.0,0.0,0
9042,2024-12-02 10:18:45,160,0,0,1496.0,1223.0,1408.0,5.0,0.0,0
9043,2024-12-02 10:18:45,160,0,0,1499.0,1212.0,1410.0,5.0,0.0,0
9044,2024-12-02 10:18:46,160,0,0,1501.0,1216.0,1413.0,5.0,0.0,0
9045,2024-12-02 10:18:46,160,0,0,1496.0,1216.0,1407.0,5.0,0.0,0
9046,2024-12-02 10:18:47,160,0,0,1497.0,1218.0,1412.0,5.0,0.0,0
9047,2024-12-02 10:18:47,160,0,0,1493.0,1210.0,1403.0,5.0,0.0,0
9048,2024-12-02 10:18:48,160,0,0,1504.0,1219.0,1410.0,5.0,0.0,0
9049,2024-12-02 10:18:48,160,0,0,1499.0,1217.0,1408.0,5.0,0.0,0
9050,2024-12-02 10:18:49,160,0,0,1497.0,1216.0,1408.0,5.0,0.0,0
9051,2024-12-02 10:18:49,160,0,0,1498.0,1213.0,1410.0,5.0,0.0,0
9052,2024-12-02 10:18:50,160,0,0,1504.0,1216.0,1413.0,5.0,0.0,0
9053,2024-12-02 10:18:50,160,0,0,1499.0,1221.0,1408.0,5.0,0.0,0
9054,2024-12-02 10:18:51,160,0,0,1500.0,1223.0,1404.0,5.0,0.0,0
9055,2024-12-02 10:18:51,160,0,0,1498.0,1215.0,1403.0,5.0,0.0,0
9056,2024-12-02 10:18:52,160,0,0,1495.0,1214.0,1413.0,5.0,0.0,0
9057,2024-12-02 10:18:52,160,0,0,1502.0,1214.0,1413.0,5.0,0.0,0
9058,2024-12-02 10:18:53,160,0,0,1502.0,1222.0,1408.0,5.0,0.0,0
9059,2024-12-02 10:18:53,160,0,0,1496.0,1217.0,1409.0,5.0,0.0,0
9060,2024-12-02 10:18:54,160,0,0,1496.0,1216.0,1413.0,5.0,0.0,0
9061,2024-12-02 10:18:54,160,0,0,1495.0,1214.0,1405.0,5.0,0.0,0
9062,2024-12-02 10:18:55,160,0,0,1497.0,1216.0,1408.0,5.0,0.0,0
9063,2024-12-02 10:18:55,160,0,0,1495.0,1217.0,1408.0,5.0,0.0,0
9064,2024-12-02 10:18:56,160,0,0,1497.0,1214.0,1408.0,5.0,0.0,0
9065,2024-12-02 10:18:56,160,0,0,1497.0,1216.0,1405.0,5.0,0.0,0
9066,2024-12-02 10:18:57,160,0,0,1498.0,1212.0,1405.0,5.0,0.0,0
9067,2024-12-02 10:18:57,160,0,0,1500.0,1212.0,1408.0,5.0,0.0,0
9068,2024-12-02 10:18:58,160,0,0,1501.0,1215.0,1412.0,5.0,0.0,0
9069,2024-12-02 10:18:58,160,0,0,1504.0,1214.0,1408.0,5.0,0.0,0
9070,2024-12-02 10:18:59,160,0,0,1496.0,1215.0,1408.0,5.0,0.0,0
9071,2024-12-02 10:18:59,160,0,0,1495.0,1212.0,1404.0,5.0,0.0,0
9072,2024-12-02 10:19:00,160,0,0,1499.0,1215.0,1409.0,5.0,0.0,0
9073,2024-12-02 10:19:00,160,0,0,1499.0,1216.0,1403.0,5.0,0.0,0
9074,2024-12-02 10:19:01,160,0,0,1497.0,1215.0,1411.0,5.0,0.0,0
9075,2024-12-02 10:19:01,160,0,0,1496.0,1215.0,1410.0,5.0,0.0,0
9076,2024-12-02 10:19:02,160,0,0,1500.0,1208.0,1409.0,5.0,0.0,0
9077,2024-12-02 10:19:02,160,0,0,1493.0,1219.0,1405.0,5.0,0.0,0
9078,2024-12-02 10:19:03,160,0,0,1495.0,1212.0,1410.0,5.0,0.0,0
9079,2024-12-02 10:19:03,160,0,0,1495.0,1215.0,1407.0,5.0,0.0,0
9080,2024-12-02 10:19:04,160,0,0,1496.0,1218.0,1408.0,5.0,0.0,0
9081,2024-12-02 10:19:04,160,0,0,1494.0,1217.0,1407.0,5.0,0.0,0
9082,2024-12-02 10:19:05,160,0,0,1496.0,1215.0,1408.0,5.0,0.0,0
9083,2024-12-02 10:19:05,160,0,0,1502.0,1219.0,1413.0,5.0,0.0,0
9084,2024-12-02 10:19:06,160,0,0,1495.0,1214.0,1409.0,5.0,0.0,0
9085,2024-12-02 10:19:06,160,0,0,1492.0,1216.0,1407.0,5.0,0.0,0
9086,2024-12-02 10:19:07,160,0,0,1500.0,1223.0,1408.0,5.0,0.0,0
9087,2024-12-02 10:19:07,160,0,0,1496.0,1217.0,1413.0,5.0,0.0,0
9088,2024-12-02 10:19:08,160,0,0,1493.0,1220.0,1408.0,5.0,0.0,0
9089,2024-12-02 10:19:08,160,0,0,1492.0,1213.0,1415.0,5.0,0.0,0
9090,2024-12-02 10:19:09,160,0,0,1501.0,1212.0,1413.0,5.0,0.0,0
9091,2024-12-02 10:19:09,160,0,0,1497.0,1219.0,1406.0,5.0,0.0,0
9092,2024-12-02 10:19:10,160,0,0,1498.0,1216.0,1411.0,5.0,0.0,0
9093,2024-12-02 10:19:10,160,0,0,1500.0,1212.0,1409.0,5.0,0.0,0
9094,2024-12-02 10:19:11,160,0,0,1497.0,1210.0,1407.0,5.0,0.0,0
9095,2024-12-02 10:19:11,160,0,0,1502.0,1217.0,1413.0,5.0,0.0,0
9096,2024-12-02 10:19:12,160,0,0,1498.0,1217.0,1408.0,5.0,0.0,0
9097,2024-12-02 10:19:12,160,0,0,1496.0,1214.0,1408.0,5.0,0.0,0
9098,2024-12-02 10:19:13,160,0,0,1499.0,1216.0,1408.0,5.0,0.0,0
9099,2024-12-02 10:19:13,160,0,0,1493.0,1216.0,1411.0,5.0,0.0,0
9100,2024-12-02 10:19:14,160,0,0,1501.0,1215.0,1407.0,5.0,0.0,0
9101,2024-12-02 10:19:14,160,0,0,1494.0,1215.0,1408.0,5.0,0.0,0
9102,2024-12-02 10:19:15,160,0,0,1499.0,1217.0,1413.0,5.0,0.0,0
9103,2024-12-02 10:19:15,160,0,0,1494.0,1212.0,1406.0,5.0,0.0,0
9104,2024-12-02 10:19:16,160,0,0,1493.0,1218.0,1408.0,5.0,0.0,0
9105,2024-12-02 10:19:16,160,0,0,1494.0,1216.0,1408.0,5.0,0.0,0
9106,2024-12-02 10:19:17,160,0,0,1497.0,1213.0,1408.0,5.0,0.0,0
9107,2024-12-02 10:19:17,160,0,0,1498.0,1208.0,1408.0,5.0,0.0,0
9108,2024-12-02 10:19:18,160,0,0,1492.0,1213.0,1405.0,5.0,0.0,0
9109,2024-12-02 10:19:18,160,0,0,1495.0,1212.0,1407.0,5.0,0.0,0
9110,2024-12-02 10:19:19,160,0,0,1497.0,1221.0,1400.0,5.0,0.0,0
9111,2024-12-02 10:19:19,160,0,0,1498.0,1219.0,1413.0,5.0,0.0,0
9112,2024-12-02 10:19:20,160,0,0,1498.0,1216.0,1411.0,5.0,0.0,0
9113,2024-12-02 10:19:20,160,0,0,1498.0,1212.0,1407.0,5.0,0.0,0
9114,2024-12-02 10:19:21,160,0,0,1500.0,1216.0,1413.0,5.0,0.0,0
9115,2024-12-02 10:19:21,160,0,0,1500.0,1215.0,1410.0,5.0,0.0,0
9116,2024-12-02 10:19:22,160,0,0,1502.0,1214.0,1406.0,5.0,0.0,0
9117,2024-12-02 10:19:22,160,0,0,1495.0,1216.0,1413.0,5.0,0.0,0
9118,2024-12-02 10:19:23,160,0,0,1489.0,1215.0,1406.0,5.0,0.0,0
9119,2024-12-02 10:19:23,160,0,0,1491.0,1214.0,1412.0,5.0,0.0,0
9120,2024-12-02 10:19:24,160,0,0,1501.0,1218.0,1409.0,5.0,0.0,0
9121,2024-12-02 10:19:24,160,0,0,1497.0,1212.0,1413.0,5.0,0.0,0
9122,2024-12-02 10:19:25,160,0,0,1498.0,1213.0,1413.0,5.0,0.0,0
9123,2024-12-02 10:19:25,160,0,0,1497.0,1215.0,1410.0,5.0,0.0,0
9124,2024-12-02 10:19:26,160,0,0,1500.0,1216.0,1407.0,5.0,0.0,0
9125,2024-12-02 10:19:26,160,0,0,1496.0,1214.0,1413.0,5.0,0.0,0
9126,2024-12-02 10:19:27,160,0,0,1500.0,1215.0,1405.0,5.0,0.0,0
9127,2024-12-02 10:19:27,160,0,0,1505.0,1223.0,1413.0,5.0,0.0,0
9128,2024-12-02 10:19:28,160,0,0,1500.0,1212.0,1413.0,5.0,0.0,0
9129,2024-12-02 10:19:28,160,0,0,1498.0,1213.0,1415.0,5.0,0.0,0
9130,2024-12-02 10:19:29,160,0,0,1504.0,1215.0,1410.0,5.0,0.0,0
9131,2024-12-02 10:19:29,160,0,0,1496.0,1216.0,1408.0,5.0,0.0,0
9132,2024-12-02 10:19:30,160,0,0,1495.0,1216.0,1412.0,5.0,0.0,0
9133,2024-12-02 10:19:30,160,0,0,1497.0,1213.0,1408.0,5.0,0.0,0
9134,2024-12-02 10:19:31,160,0,0,1496.0,1208.0,1410.0,5.0,0.0,0
9135,2024-12-02 10:19:31,160,0,0,1502.0,1212.0,1412.0,5.0,0.0,0
9136,2024-12-02 10:19:32,160,0,0,1496.0,1212.0,1405.0,5.0,0.0,0
9137,2024-12-02 10:19:32,160,0,0,1498.0,1216.0,1413.0,5.0,0.0,0
9138,2024-12-02 10:19:33,160,0,0,1495.0,1212.0,1410.0,5.0,0.0,0
9139,2024-12-02 10:19:33,160,0,0,1496.0,1218.0,1412.0,5.0,0.0,0
9140,2024-12-02 10:19:34,160,0,0,1497.0,1213.0,1411.0,5.0,0.0,0
9141,2024-12-02 10:19:34,160,0,0,1504.0,1214.0,1408.0,5.0,0.0,0
9142,2024-12-02 10:19:35,160,0,0,1493.0,1218.0,1410.0,5.0,0.0,0
9143,2024-12-02 10:19:35,160,0,0,1495.0,1214.0,1408.0,5.0,0.0,0
9144,2024-12-02 10:19:36,160,0,0,1500.0,1219.0,1411.0,5.0,0.0,0
9145,2024-12-02 10:19:36,160,0,0,1504.0,1218.0,1408.0,5.0,0.0,0
9146,2024-12-02 10:19:37,160,0,0,1497.0,1212.0,1409.0,5.0,0.0,0
9147,2024-12-02 10:19:37,160,0,0,1498.0,1216.0,1408.0,5.0,0.0,0
9148,2024-12-02 10:19:38,160,0,0,1494.0,1213.0,1412.0,5.0,0.0,0
9149,2024-12-02 10:19:38,160,0,0,1501.0,1210.0,1410.0,5.0,0.0,0
9150,2024-12-02 10:19:39,160,0,0,1504.0,1219.0,1408.0,5.0,0.0,0
9151,2024-12-02 10:19:39,160,0,0,1501.0,1211.0,1408.0,5.0,0.0,0
9152,2024-12-02 10:19:40,160,0,0,1499.0,1214.0,1412.0,5.0,0.0,0
9153,2024-12-02 10:19:40,160,0,0,1496.0,1214.0,1406.0,5.0,0.0,0
9154,2024-12-02 10:19:41,160,0,0,1504.0,1215.0,1413.0,5.0,0.0,0
9155,2024-12-02 10:19:41,160,0,0,1495.0,1211.0,1409.0,5.0,0.0,0
9156,2024-12-02 10:19:42,160,0,0,1497.0,1215.0,1405.0,5.0,0.0,0
9157,2024-12-02 10:19:42,160,0,0,1499.0,1215.0,1408.0,5.0,0.0,0
9158,2024-12-02 10:19:43,160,0,0,1501.0,1213.0,1408.0,5.0,0.0,0
9159,2024-12-02 10:19:43,160,0,0,1495.0,1219.0,1410.0,5.0,0.0,0
9160,2024-12-02 10:19:44,160,0,0,1504.0,1215.0,1409.0,5.0,0.0,0
9161,2024-12-02 10:19:44,160,0,0,1475.0,1196.0,1394.0,5.0,0.0,0
9162,2024-12-02 10:19:45,160,0,0,1501.0,1216.0,1405.0,5.0,0.0,0
9163,2024-12-02 10:19:45,160,0,0,1504.0,1214.0,1405.0,5.0,0.0,0
9164,2024-12-02 10:19:46,160,0,0,1495.0,1212.0,1411.0,5.0,0.0,0
9165,2024-12-02 10:19:46,160,0,0,1496.0,1213.0,1412.0,5.0,0.0,0
9166,2024-12-02 10:19:47,160,0,0,1497.0,1213.0,1408.0,5.0,0.0,0
9167,2024-12-02 10:19:47,160,0,0,1498.0,1212.0,1410.0,5.0,0.0,0
9168,2024-12-02 10:19:48,160,0,0,1496.0,1212.0,1414.0,5.0,0.0,0
9169,2024-12-02 10:19:48,160,0,0,1496.0,1218.0,1408.0,5.0,0.0,0
9170,2024-12-02 10:19:49,160,0,0,1496.0,1218.0,1409.0,5.0,0.0,0
9171,2024-12-02 10:19:49,160,0,0,1496.0,1213.0,1408.0,5.0,0.0,0
9172,2024-12-02 10:19:50,160,0,0,1495.0,1215.0,1407.0,5.0,0.0,0
9173,2024-12-02 10:19:50,160,0,0,1495.0,1212.0,1404.0,5.0,0.0,0
9174,2024-12-02 10:19:51,160,0,0,1495.0,1216.0,1409.0,5.0,0.0,0
9175,2024-12-02 10:19:51,160,0,0,1494.0,1212.0,1407.0,5.0,0.0,0
9176,2024-12-02 10:19:52,160,0,0,1493.0,1208.0,1404.0,5.0,0.0,0
9177,2024-12-02 10:19:52,160,0,0,1497.0,1214.0,1408.0,5.0,0.0,0
9178,2024-12-02 10:19:53,160,0,0,1499.0,1217.0,1406.0,5.0,0.0,0
9179,2024-12-02 10:19:53,160,0,0,1501.0,1216.0,1405.0,5.0,0.0,0
9180,2024-12-02 10:19:54,160,0,0,1490.0,1218.0,1405.0,5.0,0.0,0
9181,2024-12-02 10:19:54,160,0,0,1496.0,1213.0,1406.0,5.0,0.0,0
9182,2024-12-02 10:19:55,160,0,0,1497.0,1215.0,1411.0,5.0,0.0,0
9183,2024-12-02 10:19:55,160,0,0,1493.0,1218.0,1413.0,5.0,0.0,0
9184,2024-12-02 10:19:56,160,0,0,1496.0,1215.0,1408.0,5.0,0.0,0
9185,2024-12-02 10:19:56,160,0,0,1495.0,1215.0,1408.0,5.0,0.0,0
9186,2024-12-02 10:19:57,160,0,0,1492.0,1214.0,1407.0,5.0,0.0,0
9187,2024-12-02 10:19:57,160,0,0,1501.0,1217.0,1406.0,5.0,0.0,0
9188,2024-12-02 10:19:58,160,0,0,1498.0,1212.0,1406.0,5.0,0.0,0
9189,2024-12-02 10:19:58,160,0,0,1500.0,1212.0,1408.0,5.0,0.0,0
9190,2024-12-02 10:19:59,160,0,0,1501.0,1215.0,1409.0,5.0,0.0,0
9191,2024-12-02 10:19:59,160,0,0,1497.0,1212.0,1413.0,5.0,0.0,0
9192,2024-12-02 10:20:00,160,0,0,1495.0,1215.0,1409.0,5.0,0.0,0
9193,2024-12-02 10:20:00,160,0,0,1491.0,1216.0,1408.0,5.0,0.0,0
9194,2024-12-02 10:20:01,160,0,0,1496.0,1214.0,1405.0,5.0,0.0,0
9195,2024-12-02 10:20:01,160,0,0,1496.0,1215.0,1409.0,5.0,0.0,0
9196,2024-12-02 10:20:02,160,0,0,1497.0,1210.0,1405.0,5.0,0.0,0
9197,2024-12-02 10:20:02,160,0,0,1500.0,1216.0,1413.0,5.0,0.0,0
9198,2024-12-02 10:20:03,160,0,0,1501.0,1215.0,1411.0,5.0,0.0,0
9199,2024-12-02 10:20:03,160,0,0,1504.0,1215.0,1413.0,5.0,0.0,0
9200,2024-12-02 10:20:04,160,0,0,1501.0,1219.0,1410.0,5.0,0.0,0
9201,2024-12-02 10:20:04,160,0,0,1495.0,1213.0,1409.0,5.0,0.0,0
9202,2024-12-02 10:20:05,160,0,0,1501.0,1213.0,1410.0,5.0,0.0,0
9203,2024-12-02 10:20:05,160,0,0,1498.0,1214.0,1407.0,5.0,0.0,0
9204,2024-12-02 10:20:06,160,0,0,1504.0,1212.0,1408.0,5.0,0.0,0
9205,2024-12-02 10:20:06,160,0,0,1500.0,1215.0,1407.0,5.0,0.0,0
9206,2024-12-02 10:20:07,160,0,0,1495.0,1215.0,1401.0,5.0,0.0,0
9207,2024-12-02 10:20:07,160,0,0,1501.0,1212.0,1409.0,5.0,0.0,0
9208,2024-12-02 10:20:13,160,0,0,1510.0,1778.0,1616.0,6.0,0.0,0
9209,2024-12-02 10:20:14,160,0,0,1510.0,1785.0,1624.0,6.0,0.0,0
9210,2024-12-02 10:20:14,160,0,0,1515.0,1760.0,1633.0,6.0,0.0,0
9211,2024-12-02 10:20:15,160,0,0,1519.0,1768.0,1624.0,6.0,0.0,0
9212,2024-12-02 10:20:15,160,0,0,1518.0,1771.0,1618.0,6.0,0.0,0
9213,2024-12-02 10:20:16,160,0,0,1518.0,1774.0,1620.0,6.0,0.0,0
9214,2024-12-02 10:20:16,160,0,0,1509.0,1779.0,1609.0,6.0,0.0,0
9215,2024-12-02 10:20:17,160,0,0,1513.0,1773.0,1624.0,6.0,0.0,0
9216,2024-12-02 10:20:17,160,0,0,1516.0,1776.0,1604.0,6.0,0.0,0
9217,2024-12-02 10:20:18,160,0,0,1514.0,1769.0,1618.0,6.0,0.0,0
9218,2024-12-02 10:20:18,160,0,0,1519.0,1775.0,1618.0,6.0,0.0,0
9219,2024-12-02 10:20:19,160,0,0,1514.0,1777.0,1618.0,6.0,0.0,0
9220,2024-12-02 10:20:19,160,0,0,1514.0,1772.0,1618.0,6.0,0.0,0
9221,2024-12-02 10:20:20,160,0,0,1510.0,1774.0,1617.0,6.0,0.0,0
9222,2024-12-02 10:20:20,160,0,0,1518.0,1774.0,1609.0,6.0,0.0,0
9223,2024-12-02 10:20:21,160,0,0,1514.0,1773.0,1618.0,6.0,0.0,0
9224,2024-12-02 10:20:21,160,0,0,1516.0,1776.0,1618.0,6.0,0.0,0
9225,2024-12-02 10:20:22,160,0,0,1513.0,1773.0,1621.0,6.0,0.0,0
9226,2024-12-02 10:20:22,160,0,0,1519.0,1767.0,1618.0,6.0,0.0,0
9227,2024-12-02 10:20:23,160,0,0,1518.0,1773.0,1624.0,6.0,0.0,0
9228,2024-12-02 10:20:23,160,0,0,1522.0,1773.0,1619.0,6.0,0.0,0
9229,2024-12-02 10:20:24,160,0,0,1515.0,1772.0,1620.0,6.0,0.0,0
9230,2024-12-02 10:20:24,160,0,0,1514.0,1777.0,1620.0,6.0,0.0,0
9231,2024-12-02 10:20:25,160,0,0,1514.0,1772.0,1624.0,6.0,0.0,0
9232,2024-12-02 10:20:25,160,0,0,1520.0,1770.0,1624.0,6.0,0.0,0
9233,2024-12-02 10:20:26,160,0,0,1512.0,1774.0,1617.0,6.0,0.0,0
9234,2024-12-02 10:20:26,160,0,0,1512.0,1770.0,1621.0,6.0,0.0,0
9235,2024-12-02 10:20:27,160,0,0,1520.0,1775.0,1624.0,6.0,0.0,0
9236,2024-12-02 10:20:27,160,0,0,1518.0,1770.0,1622.0,6.0,0.0,0
9237,2024-12-02 10:20:28,160,0,0,1520.0,1775.0,1623.0,6.0,0.0,0
9238,2024-12-02 10:20:28,160,0,0,1509.0,1770.0,1626.0,6.0,0.0,0
9239,2024-12-02 10:20:29,160,0,0,1517.0,1772.0,1623.0,6.0,0.0,0
9240,2024-12-02 10:20:29,160,0,0,1513.0,1773.0,1620.0,6.0,0.0,0
9241,2024-12-02 10:20:30,160,0,0,1518.0,1771.0,1622.0,6.0,0.0,0
9242,2024-12-02 10:20:30,160,0,0,1512.0,1778.0,1618.0,6.0,0.0,0
9243,2024-12-02 10:20:31,160,0,0,1514.0,1775.0,1618.0,6.0,0.0,0
9244,2024-12-02 10:20:31,160,0,0,1547.0,1785.0,1603.0,6.0,0.0,0
9245,2024-12-02 10:20:32,160,0,0,1510.0,1774.0,1611.0,6.0,0.0,0
9246,2024-12-02 10:20:32,160,0,0,1510.0,1771.0,1621.0,6.0,0.0,0
9247,2024-12-02 10:20:33,160,0,0,1516.0,1773.0,1616.0,6.0,0.0,0
9248,2024-12-02 10:20:33,160,0,0,1518.0,1770.0,1627.0,6.0,0.0,0
9249,2024-12-02 10:20:34,160,0,0,1518.0,1773.0,1625.0,6.0,0.0,0
9250,2024-12-02 10:20:34,160,0,0,1516.0,1772.0,1616.0,6.0,0.0,0
9251,2024-12-02 10:20:35,160,0,0,1518.0,1773.0,1629.0,6.0,0.0,0
9252,2024-12-02 10:20:35,160,0,0,1516.0,1772.0,1627.0,6.0,0.0,0
9253,2024-12-02 10:20:36,160,0,0,1516.0,1772.0,1625.0,6.0,0.0,0
9254,2024-12-02 10:20:36,160,0,0,1519.0,1776.0,1620.0,6.0,0.0,0
9255,2024-12-02 10:20:37,160,0,0,1510.0,1771.0,1632.0,6.0,0.0,0
9256,2024-12-02 10:20:37,160,0,0,1518.0,1767.0,1622.0,6.0,0.0,0
9257,2024-12-02 10:20:38,160,0,0,1518.0,1769.0,1625.0,6.0,0.0,0
9258,2024-12-02 10:20:38,160,0,0,1516.0,1777.0,1626.0,6.0,0.0,0
9259,2024-12-02 10:20:39,160,0,0,1515.0,1770.0,1626.0,6.0,0.0,0
9260,2024-12-02 10:20:39,160,0,0,1516.0,1778.0,1629.0,6.0,0.0,0
9261,2024-12-02 10:20:40,160,0,0,1513.0,1771.0,1629.0,6.0,0.0,0
9262,2024-12-02 10:20:40,160,0,0,1516.0,1771.0,1625.0,6.0,0.0,0
9263,2024-12-02 10:20:41,160,0,0,1516.0,1771.0,1625.0,6.0,0.0,0
9264,2024-12-02 10:20:41,160,0,0,1515.0,1773.0,1626.0,6.0,0.0,0
9265,2024-12-02 10:20:42,160,0,0,1518.0,1772.0,1626.0,6.0,0.0,0
9266,2024-12-02 10:20:42,160,0,0,1515.0,1770.0,1625.0,6.0,0.0,0
9267,2024-12-02 10:20:43,160,0,0,1517.0,1770.0,1628.0,6.0,0.0,0
9268,2024-12-02 10:20:43,160,0,0,1516.0,1775.0,1625.0,6.0,0.0,0
9269,2024-12-02 10:20:44,160,0,0,1516.0,1770.0,1628.0,6.0,0.0,0
9270,2024-12-02 10:20:44,160,0,0,1516.0,1770.0,1626.0,6.0,0.0,0
9271,2024-12-02 10:20:45,160,0,0,1522.0,1772.0,1629.0,6.0,0.0,0
9272,2024-12-02 10:20:45,160,0,0,1522.0,1775.0,1627.0,6.0,0.0,0
9273,2024-12-02 10:20:46,160,0,0,1517.0,1773.0,1626.0,6.0,0.0,0
9274,2024-12-02 10:20:46,160,0,0,1510.0,1772.0,1626.0,6.0,0.0,0
9275,2024-12-02 10:20:47,160,0,0,1514.0,1772.0,1626.0,6.0,0.0,0
9276,2024-12-02 10:20:47,160,0,0,1513.0,1776.0,1626.0,6.0,0.0,0
9277,2024-12-02 10:20:48,160,0,0,1513.0,1773.0,1631.0,6.0,0.0,0
9278,2024-12-02 10:20:48,160,0,0,1514.0,1773.0,1626.0,6.0,0.0,0
9279,2024-12-02 10:20:49,160,0,0,1519.0,1770.0,1625.0,6.0,0.0,0
9280,2024-12-02 10:20:49,160,0,0,1513.0,1772.0,1624.0,6.0,0.0,0
9281,2024-12-02 10:20:50,160,0,0,1510.0,1773.0,1631.0,6.0,0.0,0
9282,2024-12-02 10:20:50,160,0,0,1518.0,1771.0,1631.0,6.0,0.0,0
9283,2024-12-02 10:20:51,160,0,0,1518.0,1771.0,1624.0,6.0,0.0,0
9284,2024-12-02 10:20:51,160,0,0,1517.0,1777.0,1628.0,6.0,0.0,0
9285,2024-12-02 10:20:52,160,0,0,1512.0,1774.0,1629.0,6.0,0.0,0
9286,2024-12-02 10:20:52,160,0,0,1517.0,1771.0,1631.0,6.0,0.0,0
9287,2024-12-02 10:20:53,160,0,0,1518.0,1773.0,1623.0,6.0,0.0,0
9288,2024-12-02 10:20:53,160,0,0,1512.0,1774.0,1626.0,6.0,0.0,0
9289,2024-12-02 10:20:54,160,0,0,1517.0,1770.0,1621.0,6.0,0.0,0
9290,2024-12-02 10:20:54,160,0,0,1519.0,1772.0,1627.0,6.0,0.0,0
9291,2024-12-02 10:20:55,160,0,0,1514.0,1773.0,1633.0,6.0,0.0,0
9292,2024-12-02 10:20:55,160,0,0,1516.0,1769.0,1631.0,6.0,0.0,0
9293,2024-12-02 10:20:56,160,0,0,1514.0,1771.0,1626.0,6.0,0.0,0
9294,2024-12-02 10:20:56,160,0,0,1516.0,1770.0,1627.0,6.0,0.0,0
9295,2024-12-02 10:20:57,160,0,0,1510.0,1776.0,1628.0,6.0,0.0,0
9296,2024-12-02 10:20:57,160,0,0,1516.0,1778.0,1626.0,6.0,0.0,0
9297,2024-12-02 10:20:58,160,0,0,1518.0,1771.0,1631.0,6.0,0.0,0
9298,2024-12-02 10:20:58,160,0,0,1516.0,1767.0,1627.0,6.0,0.0,0
9299,2024-12-02 10:20:59,160,0,0,1518.0,1772.0,1626.0,6.0,0.0,0
9300,2024-12-02 10:20:59,160,0,0,1520.0,1771.0,1631.0,6.0,0.0,0
9301,2024-12-02 10:21:00,160,0,0,1518.0,1771.0,1627.0,6.0,0.0,0
9302,2024-12-02 10:21:00,160,0,0,1519.0,1771.0,1626.0,6.0,0.0,0
9303,2024-12-02 10:21:01,160,0,0,1516.0,1771.0,1624.0,6.0,0.0,0
9304,2024-12-02 10:21:01,160,0,0,1514.0,1770.0,1629.0,6.0,0.0,0
9305,2024-12-02 10:21:02,160,0,0,1516.0,1777.0,1633.0,6.0,0.0,0
9306,2024-12-02 10:21:02,160,0,0,1517.0,1772.0,1628.0,6.0,0.0,0
9307,2024-12-02 10:21:03,160,0,0,1518.0,1774.0,1629.0,6.0,0.0,0
9308,2024-12-02 10:21:03,160,0,0,1516.0,1776.0,1626.0,6.0,0.0,0
9309,2024-12-02 10:21:04,160,0,0,1520.0,1773.0,1623.0,6.0,0.0,0
9310,2024-12-02 10:21:04,160,0,0,1517.0,1777.0,1632.0,6.0,0.0,0
9311,2024-12-02 10:21:05,160,0,0,1518.0,1772.0,1629.0,6.0,0.0,0
9312,2024-12-02 10:21:05,160,0,0,1514.0,1772.0,1627.0,6.0,0.0,0
9313,2024-12-02 10:21:06,160,0,0,1518.0,1770.0,1621.0,6.0,0.0,0
9314,2024-12-02 10:21:06,160,0,0,1518.0,1775.0,1632.0,6.0,0.0,0
9315,2024-12-02 10:21:07,160,0,0,1522.0,1773.0,1626.0,6.0,0.0,0
9316,2024-12-02 10:21:07,160,0,0,1516.0,1767.0,1625.0,6.0,0.0,0
9317,2024-12-02 10:21:08,160,0,0,1514.0,1775.0,1625.0,6.0,0.0,0
9318,2024-12-02 10:21:08,160,0,0,1514.0,1773.0,1629.0,6.0,0.0,0
9319,2024-12-02 10:21:09,160,0,0,1515.0,1767.0,1628.0,6.0,0.0,0
9320,2024-12-02 10:21:09,160,0,0,1519.0,1772.0,1628.0,6.0,0.0,0
9321,2024-12-02 10:21:10,160,0,0,1517.0,1771.0,1628.0,6.0,0.0,0
9322,2024-12-02 10:21:10,160,0,0,1515.0,1775.0,1628.0,6.0,0.0,0
9323,2024-12-02 10:21:11,160,0,0,1512.0,1771.0,1627.0,6.0,0.0,0
9324,2024-12-02 10:21:11,160,0,0,1515.0,1767.0,1626.0,6.0,0.0,0
9325,2024-12-02 10:21:12,160,0,0,1512.0,1773.0,1626.0,6.0,0.0,0
9326,2024-12-02 10:21:12,160,0,0,1517.0,1770.0,1630.0,6.0,0.0,0
9327,2024-12-02 10:21:13,160,0,0,1518.0,1775.0,1623.0,6.0,0.0,0
9328,2024-12-02 10:21:13,160,0,0,1516.0,1774.0,1625.0,6.0,0.0,0
9329,2024-12-02 10:21:14,160,0,0,1516.0,1768.0,1627.0,6.0,0.0,0
9330,2024-12-02 10:21:14,160,0,0,1519.0,1767.0,1625.0,6.0,0.0,0
9331,2024-12-02 10:21:15,160,0,0,1510.0,1767.0,1626.0,6.0,0.0,0
9332,2024-12-02 10:21:15,160,0,0,1510.0,1770.0,1631.0,6.0,0.0,0
9333,2024-12-02 10:21:16,160,0,0,1513.0,1770.0,1624.0,6.0,0.0,0
9334,2024-12-02 10:21:16,160,0,0,1522.0,1775.0,1627.0,6.0,0.0,0
9335,2024-12-02 10:21:17,160,0,0,1514.0,1771.0,1631.0,6.0,0.0,0
9336,2024-12-02 10:21:17,160,0,0,1512.0,1770.0,1634.0,6.0,0.0,0
9337,2024-12-02 10:21:18,160,0,0,1515.0,1769.0,1631.0,6.0,0.0,0
9338,2024-12-02 10:21:18,160,0,0,1511.0,1767.0,1623.0,6.0,0.0,0
9339,2024-12-02 10:21:19,160,0,0,1514.0,1771.0,1629.0,6.0,0.0,0
9340,2024-12-02 10:21:19,160,0,0,1514.0,1770.0,1625.0,6.0,0.0,0
9341,2024-12-02 10:21:20,160,0,0,1518.0,1771.0,1633.0,6.0,0.0,0
9342,2024-12-02 10:21:20,160,0,0,1516.0,1772.0,1631.0,6.0,0.0,0
9343,2024-12-02 10:21:21,160,0,0,1518.0,1770.0,1628.0,6.0,0.0,0
9344,2024-12-02 10:21:21,160,0,0,1519.0,1772.0,1629.0,6.0,0.0,0
9345,2024-12-02 10:21:22,160,0,0,1519.0,1771.0,1633.0,6.0,0.0,0
9346,2024-12-02 10:21:22,160,0,0,1522.0,1779.0,1630.0,6.0,0.0,0
9347,2024-12-02 10:21:23,160,0,0,1524.0,1771.0,1633.0,6.0,0.0,0
9348,2024-12-02 10:21:23,160,0,0,1516.0,1770.0,1633.0,6.0,0.0,0
9349,2024-12-02 10:21:24,160,0,0,1521.0,1770.0,1631.0,6.0,0.0,0
9350,2024-12-02 10:21:24,160,0,0,1519.0,1767.0,1628.0,6.0,0.0,0
9351,2024-12-02 10:21:25,160,0,0,1519.0,1765.0,1631.0,6.0,0.0,0
9352,2024-12-02 10:21:25,160,0,0,1516.0,1770.0,1628.0,6.0,0.0,0
9353,2024-12-02 10:21:26,160,0,0,1515.0,1773.0,1629.0,6.0,0.0,0
9354,2024-12-02 10:21:26,160,0,0,1519.0,1767.0,1631.0,6.0,0.0,0
9355,2024-12-02 10:21:27,160,0,0,1519.0,1773.0,1631.0,6.0,0.0,0
9356,2024-12-02 10:21:27,160,0,0,1518.0,1770.0,1631.0,6.0,0.0,0
9357,2024-12-02 10:21:28,160,0,0,1510.0,1771.0,1628.0,6.0,0.0,0
9358,2024-12-02 10:21:28,160,0,0,1509.0,1765.0,1628.0,6.0,0.0,0
9359,2024-12-02 10:21:29,160,0,0,1515.0,1767.0,1629.0,6.0,0.0,0
9360,2024-12-02 10:21:29,160,0,0,1516.0,1771.0,1631.0,6.0,0.0,0
9361,2024-12-02 10:21:30,160,0,0,1518.0,1771.0,1633.0,6.0,0.0,0
9362,2024-12-02 10:21:30,160,0,0,1515.0,1771.0,1633.0,6.0,0.0,0
9363,2024-12-02 10:21:31,160,0,0,1513.0,1771.0,1629.0,6.0,0.0,0
9364,2024-12-02 10:21:31,160,0,0,1518.0,1766.0,1633.0,6.0,0.0,0
9365,2024-12-02 10:21:32,160,0,0,1513.0,1767.0,1629.0,6.0,0.0,0
9366,2024-12-02 10:21:32,160,0,0,1519.0,1771.0,1624.0,6.0,0.0,0
9367,2024-12-02 10:21:33,160,0,0,1515.0,1770.0,1632.0,6.0,0.0,0
9368,2024-12-02 10:21:33,160,0,0,1510.0,1768.0,1631.0,6.0,0.0,0
9369,2024-12-02 10:21:34,160,0,0,1514.0,1772.0,1633.0,6.0,0.0,0
9370,2024-12-02 10:21:34,160,0,0,1517.0,1770.0,1628.0,6.0,0.0,0
9371,2024-12-02 10:21:35,160,0,0,1519.0,1772.0,1626.0,6.0,0.0,0
9372,2024-12-02 10:21:35,160,0,0,1510.0,1768.0,1630.0,6.0,0.0,0
9373,2024-12-02 10:21:36,160,0,0,1518.0,1767.0,1624.0,6.0,0.0,0
9374,2024-12-02 10:21:36,160,0,0,1518.0,1772.0,1631.0,6.0,0.0,0
9375,2024-12-02 10:21:37,160,0,0,1510.0,1771.0,1628.0,6.0,0.0,0
9376,2024-12-02 10:21:37,160,0,0,1513.0,1769.0,1632.0,6.0,0.0,0
9377,2024-12-02 10:21:38,160,0,0,1518.0,1770.0,1631.0,6.0,0.0,0
9378,2024-12-02 10:21:38,160,0,0,1514.0,1767.0,1630.0,6.0,0.0,0
9379,2024-12-02 10:21:39,160,0,0,1520.0,1767.0,1631.0,6.0,0.0,0
9380,2024-12-02 10:21:39,160,0,0,1518.0,1770.0,1629.0,6.0,0.0,0
9381,2024-12-02 10:21:40,160,0,0,1513.0,1770.0,1629.0,6.0,0.0,0
9382,2024-12-02 10:21:40,160,0,0,1513.0,1769.0,1631.0,6.0,0.0,0
9383,2024-12-02 10:21:41,160,0,0,1516.0,1776.0,1627.0,6.0,0.0,0
9384,2024-12-02 10:21:41,160,0,0,1516.0,1770.0,1633.0,6.0,0.0,0
9385,2024-12-02 10:21:42,160,0,0,1514.0,1768.0,1627.0,6.0,0.0,0
9386,2024-12-02 10:21:42,160,0,0,1515.0,1770.0,1628.0,6.0,0.0,0
9387,2024-12-02 10:21:43,160,0,0,1516.0,1767.0,1633.0,6.0,0.0,0
9388,2024-12-02 10:21:43,160,0,0,1514.0,1771.0,1630.0,6.0,0.0,0
9389,2024-12-02 10:21:44,160,0,0,1518.0,1765.0,1633.0,6.0,0.0,0
9390,2024-12-02 10:21:44,160,0,0,1519.0,1769.0,1629.0,6.0,0.0,0
9391,2024-12-02 10:21:45,160,0,0,1518.0,1767.0,1630.0,6.0,0.0,0
9392,2024-12-02 10:21:45,160,0,0,1517.0,1770.0,1626.0,6.0,0.0,0
9393,2024-12-02 10:21:46,160,0,0,1519.0,1771.0,1628.0,6.0,0.0,0
9394,2024-12-02 10:21:46,160,0,0,1510.0,1767.0,1631.0,6.0,0.0,0
9395,2024-12-02 10:21:47,160,0,0,1518.0,1772.0,1633.0,6.0,0.0,0
9396,2024-12-02 10:21:47,160,0,0,1518.0,1770.0,1628.0,6.0,0.0,0
9397,2024-12-02 10:21:48,160,0,0,1518.0,1773.0,1630.0,6.0,0.0,0
9398,2024-12-02 10:21:48,160,0,0,1521.0,1767.0,1630.0,6.0,0.0,0
9399,2024-12-02 10:21:49,160,0,0,1518.0,1765.0,1632.0,6.0,0.0,0
9400,2024-12-02 10:21:49,160,0,0,1517.0,1771.0,1630.0,6.0,0.0,0
9401,2024-12-02 10:21:50,160,0,0,1514.0,1772.0,1634.0,6.0,0.0,0
9402,2024-12-02 10:21:50,160,0,0,1524.0,1765.0,1626.0,6.0,0.0,0
9403,2024-12-02 10:21:51,160,0,0,1518.0,1770.0,1632.0,6.0,0.0,0
9404,2024-12-02 10:21:51,160,0,0,1521.0,1758.0,1638.0,6.0,0.0,0
9405,2024-12-02 10:21:52,160,0,0,1519.0,1769.0,1633.0,6.0,0.0,0
9406,2024-12-02 10:21:52,160,0,0,1517.0,1770.0,1629.0,6.0,0.0,0
9407,2024-12-02 10:21:53,160,0,0,1518.0,1770.0,1631.0,6.0,0.0,0
9408,2024-12-02 10:21:53,160,0,0,1517.0,1775.0,1631.0,6.0,0.0,0
9409,2024-12-02 10:21:54,160,0,0,1516.0,1774.0,1627.0,6.0,0.0,0
9410,2024-12-02 10:21:54,160,0,0,1514.0,1770.0,1628.0,6.0,0.0,0
9411,2024-12-02 10:21:55,160,0,0,1515.0,1772.0,1630.0,6.0,0.0,0
9412,2024-12-02 10:21:55,160,0,0,1518.0,1768.0,1626.0,6.0,0.0,0
9413,2024-12-02 10:21:56,160,0,0,1517.0,1772.0,1629.0,6.0,0.0,0
9414,2024-12-02 10:21:56,160,0,0,1521.0,1772.0,1633.0,6.0,0.0,0
9415,2024-12-02 10:21:57,160,0,0,1521.0,1771.0,1630.0,6.0,0.0,0
9416,2024-12-02 10:21:57,160,0,0,1522.0,1772.0,1632.0,6.0,0.0,0
9417,2024-12-02 10:21:58,160,0,0,1518.0,1770.0,1631.0,6.0,0.0,0
9418,2024-12-02 10:21:58,160,0,0,1517.0,1768.0,1633.0,6.0,0.0,0
9419,2024-12-02 10:21:59,160,0,0,1516.0,1768.0,1631.0,6.0,0.0,0
9420,2024-12-02 10:21:59,160,0,0,1518.0,1772.0,1629.0,6.0,0.0,0
9421,2024-12-02 10:22:00,160,0,0,1517.0,1767.0,1632.0,6.0,0.0,0
9422,2024-12-02 10:22:00,160,0,0,1515.0,1775.0,1629.0,6.0,0.0,0
9423,2024-12-02 10:22:01,160,0,0,1515.0,1769.0,1630.0,6.0,0.0,0
9424,2024-12-02 10:22:01,160,0,0,1519.0,1770.0,1633.0,6.0,0.0,0
9425,2024-12-02 10:22:02,160,0,0,1511.0,1770.0,1630.0,6.0,0.0,0
9426,2024-12-02 10:22:02,160,0,0,1519.0,1772.0,1630.0,6.0,0.0,0
9427,2024-12-02 10:22:03,160,0,0,1518.0,1770.0,1633.0,6.0,0.0,0
9428,2024-12-02 10:22:03,160,0,0,1516.0,1767.0,1631.0,6.0,0.0,0
9429,2024-12-02 10:22:04,160,0,0,1519.0,1770.0,1632.0,6.0,0.0,0
9430,2024-12-02 10:22:04,160,0,0,1518.0,1771.0,1631.0,6.0,0.0,0
9431,2024-12-02 10:22:05,160,0,0,1515.0,1768.0,1633.0,6.0,0.0,0
9432,2024-12-02 10:22:05,160,0,0,1517.0,1770.0,1634.0,6.0,0.0,0
9433,2024-12-02 10:22:06,160,0,0,1517.0,1772.0,1627.0,6.0,0.0,0
9434,2024-12-02 10:22:06,160,0,0,1517.0,1778.0,1633.0,6.0,0.0,0
9435,2024-12-02 10:22:07,160,0,0,1513.0,1771.0,1633.0,6.0,0.0,0
9436,2024-12-02 10:22:07,160,0,0,1518.0,1771.0,1632.0,6.0,0.0,0
9437,2024-12-02 10:22:08,160,0,0,1519.0,1767.0,1632.0,6.0,0.0,0
9438,2024-12-02 10:22:08,160,0,0,1519.0,1772.0,1634.0,6.0,0.0,0
9439,2024-12-02 10:22:09,160,0,0,1510.0,1770.0,1616.0,6.0,0.0,0
9440,2024-12-02 10:22:09,160,0,0,1520.0,1772.0,1631.0,6.0,0.0,0
9441,2024-12-02 10:22:10,160,0,0,1514.0,1770.0,1629.0,6.0,0.0,0
9442,2024-12-02 10:22:10,160,0,0,1516.0,1771.0,1624.0,6.0,0.0,0
9443,2024-12-02 10:22:11,160,0,0,1516.0,1771.0,1629.0,6.0,0.0,0
9444,2024-12-02 10:22:11,160,0,0,1510.0,1773.0,1628.0,6.0,0.0,0
9445,2024-12-02 10:22:12,160,0,0,1521.0,1772.0,1625.0,6.0,0.0,0
9446,2024-12-02 10:22:12,160,0,0,1518.0,1770.0,1627.0,6.0,0.0,0
9447,2024-12-02 10:22:13,160,0,0,1522.0,1767.0,1629.0,6.0,0.0,0
9448,2024-12-02 10:22:13,160,0,0,1532.0,1766.0,1626.0,6.0,0.0,0
9449,2024-12-02 10:22:14,160,0,0,1514.0,1775.0,1626.0,6.0,0.0,0
